# z (m), P_K (m^2/s^3), eps(m^2/s^3), G_K (m^2/s^3), D_K (m^2/s^3), P_Theta (K^2/s), eps_Theta (K^2/s), D_Theta (K^2/s)
1.000000000000000056e-01, 1.484543491112619851e-01, 1.491523823805232518e-01, -6.297802723128375670e-04, 2.840105750745069990e-02, 8.868597865100065133e-03, 9.835269455752497156e-03, 7.389168157479809353e-05
9.944479457320000160e-01, 4.589021988299930160e-02, 5.173730347299584920e-02, -6.070010705871420591e-04, 5.774453168506209646e-06, 2.694977710989097334e-03, 4.056645467660282244e-03, -2.253911203263279732e-04
1.893627228199999957e+00, 2.135849700351544894e-02, 2.577842671144484760e-02, -6.023909485405863108e-04, -8.934070500202964237e-04, 1.315930366668722606e-03, 1.767211983588052454e-03, 3.249935510721394693e-05
2.797562874640000086e+00, 1.704120435328327493e-02, 1.708661064563117560e-02, -5.977908148915550123e-04, 7.062614786858902082e-04, 9.788031687305946953e-04, 1.111532074775587560e-03, 8.647914558083513031e-05
3.706280044650000161e+00, 1.297604761010962525e-02, 1.279822813652864780e-02, -5.931767574094038049e-04, -2.207492692223637324e-05, 7.514463659795127693e-04, 8.204359284949036850e-04, 3.302815269731035184e-05
4.619804030920000137e+00, 1.067072718239932619e-02, 1.029234944367909965e-02, -5.885453338425334757e-04, 3.417280889358854896e-05, 6.211420121459882999e-04, 6.606178990737985451e-04, 2.293983938050300232e-05
5.538160259939999719e+00, 9.116204895468247443e-03, 8.651233295091452502e-03, -5.838962881235537508e-04, 1.652780447477522350e-05, 5.348535993792017176e-04, 5.599414800101274554e-04, 1.560795941541714949e-05
6.461374292690000409e+00, 8.003929929010692931e-03, 7.494741302777978981e-03, -5.792296388236563070e-04, 6.088360006168515504e-06, 4.738509678490930230e-04, 4.908442221867330337e-04, 1.111324687596292702e-05
7.389471825360000246e+00, 7.170556561545486998e-03, 6.636358880238507271e-03, -5.745454448547383146e-04, -2.204290537486927573e-06, 4.285873203667345190e-04, 4.405372566621387678e-04, 8.077748737638005384e-06
8.322478690060000517e+00, 6.523508928910585515e-03, 5.974125440299200146e-03, -5.698437526165697591e-04, -9.354771738437212534e-06, 3.937490042765567433e-04, 4.023044202887597707e-04, 5.887600522606574859e-06
9.260420855570000498e+00, 6.006664274890259961e-03, 5.447676409956489149e-03, -5.651246041374909752e-04, -1.567766652469517683e-05, 3.661535046494922545e-04, 3.722857434109842246e-04, 4.229213050236114460e-06
1.020332442800000017e+01, 5.584111946620302219e-03, 5.019023723893575352e-03, -5.603880452425717218e-04, -2.126604972152937656e-05, 3.437821558090477887e-04, 3.481060209576792132e-04, 2.929182566254540090e-06
1.115121565159999939e+01, 5.231855536262774303e-03, 4.663079970405142188e-03, -5.556341301989662458e-04, -2.614000920043232725e-05, 3.252946147531252563e-04, 3.282235275554960243e-04, 1.885013881621257598e-06
1.210412090930000062e+01, 4.933282786752714831e-03, 4.362617702979430800e-03, -5.508629237675907947e-04, -3.030399011220394988e-05, 3.097672128303877170e-04, 3.115937274481707484e-04, 1.032381810396607016e-06
1.306206672379999922e+01, 4.676551517528684983e-03, 4.105419178972337726e-03, -5.460745018572505435e-04, -3.376869640893510280e-05, 2.965435163299632378e-04, 2.974836364885677679e-04, 3.286353248734422054e-07
1.402507975800000040e+01, 4.453009282180455178e-03, 3.882581728677342390e-03, -5.412689514432212148e-04, -3.655763145457057367e-05, 2.851447560029189915e-04, 2.853636030100577519e-04, -2.559572606013122730e-07
1.499318681579999968e+01, 4.256199569110394668e-03, 3.687467001459182429e-03, -5.364463701679424070e-04, -3.870693157109309803e-05, 2.752139177908090187e-04, 2.748412930447922693e-04, -7.430636402189500298e-07
1.596641484290000079e+01, 4.081215532479424285e-03, 3.515025795779839340e-03, -5.316068658305552613e-04, -4.026256718865172632e-05, 2.664796201875672304e-04, 2.656198474325762392e-04, -1.149087983896882600e-06
1.694479092759999972e+01, 3.924267487013169756e-03, 3.361350713158482717e-03, -5.267505558868347017e-04, -4.127687337771233076e-05, 2.587320747432929509e-04, 2.574704755318787258e-04, -1.486846884391047506e-06
1.792834230149999897e+01, 3.782386227400857254e-03, 3.223371753088257602e-03, -5.218775669781720037e-04, -4.180531709321867707e-05, 2.518066728760225137e-04, 2.502139874270239875e-04, -1.766609752578719977e-06
1.891709634000000051e+01, 3.653215112492970255e-03, 3.098644272607957266e-03, -5.169880345726105258e-04, -4.190385748663467811e-05, 2.455725261051785189e-04, 2.437080364345012274e-04, -1.996768952197214803e-06
1.991108056359999878e+01, 3.534861601171507359e-03, 2.985198197188014720e-03, -5.120821026411224563e-04, -4.162697954305339754e-05, 2.399243054076924918e-04, 2.378381111753767477e-04, -2.184288239784049904e-06
2.091032263820000026e+01, 3.425789468548584744e-03, 2.881428795350462688e-03, -5.071599234416732539e-04, -4.102634604544185026e-05, 2.347763271471670120e-04, 2.325110502712585342e-04, -2.335014199396722314e-06
2.191485037620000043e+01, 3.324739386691179677e-03, 2.786016242980184684e-03, -5.022216573651232339e-04, -4.014996059528140343e-05, 2.300581990926910082e-04, 2.276502913352142579e-04, -2.453900301157937396e-06
2.292469173710000163e+01, 3.230669615213414749e-03, 2.697865500950260252e-03, -4.972674728500268418e-04, -3.904172754710105036e-05, 2.257115690311589922e-04, 2.231923356547232408e-04, -2.545173638697664703e-06
2.393987482800000066e+01, 3.142711164099067523e-03, 2.616060766417839696e-03, -4.922975463567297620e-04, -3.774129929399375313e-05, 2.216876650663480021e-04, 2.190840800735134987e-04, -2.612462181057137354e-06
2.496042790510000131e+01, 3.060133511875319946e-03, 2.539830539583945099e-03, -4.873120623668220465e-04, -3.628412603734755109e-05, 2.179454125404669987e-04, 2.152807773761834841e-04, -2.658894640029802541e-06
2.598637937370000017e+01, 2.982318121741917624e-03, 2.468520530226632221e-03, -4.823112134530557651e-04, -3.470163717752917579e-05, 2.144499766677749946e-04, 2.117444587918229843e-04, -2.687180071499402259e-06
2.701775778969999919e+01, 2.908737778199637324e-03, 2.401572427712460323e-03, -4.772952003616857150e-04, -3.302150074225307656e-05, 2.111716230180722600e-04, 2.084427007900032378e-04, -2.699672348824300092e-06
2.805459185979999859e+01, 2.838940314818730413e-03, 2.338507107723667745e-03, -4.722642321353590208e-04, -3.126792543410854709e-05, 2.080848180408080073e-04, 2.053476515131467473e-04, -2.698423151719015445e-06
2.909691044250000047e+01, 2.772535698207992741e-03, 2.278911232129845078e-03, -4.672185262546615231e-04, -2.946197842846617500e-05, 2.051675131389725255e-04, 2.024352551872397703e-04, -2.685225642736757501e-06
3.014474254929999830e+01, 2.709185685921774913e-03, 2.222426469708484783e-03, -4.621583087905954722e-04, -2.762190343980625091e-05, 2.024005698998069928e-04, 1.996846290616204967e-04, -2.661651191502575081e-06
3.119811734479999998e+01, 2.648595484651479655e-03, 2.168740759846604638e-03, -4.570838145953620311e-04, -2.576342492112549786e-05, 1.997672952287915006e-04, 1.970775589774090210e-04, -2.629080046514925082e-06
3.225706414799999777e+01, 2.590506973194980564e-03, 2.117581182384512331e-03, -4.519952874902897783e-04, -2.390003246765300143e-05, 1.972530626489680074e-04, 1.945980880196512559e-04, -2.588727167145327839e-06
3.332161243310000032e+01, 2.534693159282275059e-03, 2.068708100288767573e-03, -4.468929804700762795e-04, -2.204324382757867425e-05, 1.948450017358320139e-04, 1.922321788165019959e-04, -2.541664297958074870e-06
3.439179183000000251e+01, 2.480953616699334979e-03, 2.021910318482687298e-03, -4.417771559241112644e-04, -2.020284315191195069e-05, 1.925317418285535181e-04, 1.899674345482874960e-04, -2.488838616261494846e-06
3.546763212540000154e+01, 2.429110706250267419e-03, 1.977001059588180242e-03, -4.366480858653879718e-04, -1.838709525230279885e-05, 1.903031992701747534e-04, 1.877928670998640177e-04, -2.431088664444932290e-06
3.654916326370000235e+01, 2.379006428175514925e-03, 1.933814600717979979e-03, -4.315060521705962513e-04, -1.660293735108732779e-05, 1.881503998043912462e-04, 1.856987033250014931e-04, -2.369158056759832185e-06
3.763641534770000163e+01, 2.330499786028794769e-03, 1.892203448474794915e-03, -4.263513468202269948e-04, -1.485614932911282442e-05, 1.860653295281874942e-04, 1.836762223144939839e-04, -2.303707275685332546e-06
3.872941863909999682e+01, 2.283464567773202392e-03, 1.852035954657802385e-03, -4.211842721722632542e-04, -1.315150379833344787e-05, 1.840408092208355021e-04, 1.817176180338532293e-04, -2.235323710776352540e-06
3.982820355999999862e+01, 2.237787468559497388e-03, 1.813194294842982671e-03, -4.160051412091685433e-04, -1.149289832438282497e-05, 1.820703878346922552e-04, 1.798158828422172445e-04, -2.164530432991037494e-06
4.093280069330000259e+01, 2.193366495568397495e-03, 1.775572747294207419e-03, -4.108142778290644562e-04, -9.883472147264412536e-06, 1.801482518851245038e-04, 1.779647082868412522e-04, -2.091793821618227705e-06
4.204324078369999995e+01, 2.150109606323367690e-03, 1.739076221632180263e-03, -4.056120171134290197e-04, -8.325707538380874924e-06, 1.782691479882785024e-04, 1.761584002591812573e-04, -2.017530052533989810e-06
4.315955473870000247e+01, 2.107933541444117174e-03, 1.703618996203995007e-03, -4.003987056348417336e-04, -6.821519266260362725e-06, 1.764283164262780144e-04, 1.743918061533185023e-04, -1.942110945338235295e-06
4.428177362880000345e+01, 2.066762820344497393e-03, 1.669123630573072494e-03, -3.951747017392435177e-04, -5.372332298045664667e-06, 1.746214339053575202e-04, 1.726602520917859941e-04, -1.865868834146612321e-06
4.540992868949999917e+01, 2.026528873374957521e-03, 1.635520025607135018e-03, -3.899403758630432416e-04, -3.979149333450400309e-06, 1.728445641022177508e-04, 1.709594886413922559e-04, -1.789101005972487307e-06
4.654405132099999776e+01, 1.987169289773279592e-03, 1.602744608450529891e-03, -3.846961108521792876e-04, -2.642610764424029765e-06, 1.710941147738200040e-04, 1.692856437120624706e-04, -1.712073573815929945e-06
4.768417308979999802e+01, 1.948627163132417382e-03, 1.570739623542492412e-03, -3.794423022725630082e-04, -1.363045255918971944e-06, 1.693668004247372372e-04, 1.676351815552612392e-04, -1.635024715788129842e-06
4.883032572949999661e+01, 1.910850520320050028e-03, 1.539452514059679988e-03, -3.741793587533119797e-04, -1.405152058841784791e-07, 1.676596097491224924e-04, 1.660048669698984921e-04, -1.558167770442462423e-06
4.998254114129999692e+01, 1.873791821553109915e-03, 1.508835380685559936e-03, -3.689077023265247609e-04, 1.025144387017473349e-06, 1.659697771252887581e-04, 1.643917339590009760e-04, -1.481693788231045235e-06
5.114085139529999680e+01, 1.837407521209494937e-03, 1.478844506745414936e-03, -3.636277687657412717e-04, 2.134292325671742495e-06, 1.642947575864727448e-04, 1.627930582104029943e-04, -1.405773818840197656e-06
5.230528873130000278e+01, 1.801657681304714813e-03, 1.449439940491994896e-03, -3.583400079595787575e-04, 3.187451496020022375e-06, 1.626322048210167661e-04, 1.612063328735332634e-04, -1.330561018408484879e-06
5.347588555950000000e+01, 1.766505630147050020e-03, 1.420585126735152571e-03, -3.530448842627327555e-04, 4.185283420509682566e-06, 1.609799517350484963e-04, 1.596292471818700235e-04, -1.256192429331324876e-06
5.465267446160000020e+01, 1.731917660123767633e-03, 1.392246581212690151e-03, -3.477428768796390554e-04, 5.128566232905452619e-06, 1.593359932850777557e-04, 1.580596675435440139e-04, -1.182790597611299880e-06
5.583568819159999919e+01, 1.697862759592207562e-03, 1.364393602086844993e-03, -3.424344802564100202e-04, 6.018175364477695486e-06, 1.576984712625727550e-04, 1.564956207775655131e-04, -1.110465008676999885e-06
5.702495967689999645e+01, 1.664312374400410020e-03, 1.336998013777847619e-03, -3.371202044549177833e-04, 6.855067043407640330e-06, 1.560656607540892378e-04, 1.549352792208970070e-04, -1.039313384153200097e-06
5.822052201889999878e+01, 1.631240195284822548e-03, 1.310033939031799962e-03, -3.318005755830224753e-04, 7.640263792252357673e-06, 1.544359581320010064e-04, 1.533769474700405109e-04, -9.694228228324203327e-07
5.942240849419999904e+01, 1.598621967960442425e-03, 1.283477595704759925e-03, -3.264761361903507409e-04, 8.374842228713174773e-06, 1.528078703056754838e-04, 1.518190505552907525e-04, -9.008708094391543059e-07
6.063065255539999754e+01, 1.566435323130770108e-03, 1.257307115242149850e-03, -3.211474457062090076e-04, 9.059922225383715147e-06, 1.511800051470542502e-04, 1.502601233747004718e-04, -8.337261499502213018e-07
6.184528783209999858e+01, 1.534659624051342569e-03, 1.231502380241397600e-03, -3.158150808758522369e-04, 9.696657761749360982e-06, 1.495510629112019828e-04, 1.486988012368672507e-04, -7.680498025320117807e-07
6.306634813160000164e+01, 1.503275829584222378e-03, 1.206044878835039981e-03, -3.104796362018392639e-04, 1.028622894709902065e-05, 1.479198285396959899e-04, 1.471338113818867295e-04, -7.038956016057611979e-07
6.429386744020000322e+01, 1.472266370910324876e-03, 1.180917573938785031e-03, -3.051417244184359751e-04, 1.082983542203462502e-05, 1.462851647713697386e-04, 1.455639653687289953e-04, -6.413109142126357598e-07
6.552787992400000405e+01, 1.441615040451139874e-03, 1.156104785668462609e-03, -2.998019769562060223e-04, 1.132869038248697502e-05, 1.446460059281254871e-04, 1.439881522316672450e-04, -5.803372686001682222e-07
6.676841992980000384e+01, 1.411306891550220127e-03, 1.131592085437567452e-03, -2.944610444380779853e-04, 1.178401572685387511e-05, 1.430013523377279990e-04, 1.424053323184255068e-04, -5.210108803882767736e-07
6.801552198599999599e+01, 1.381328147795150060e-03, 1.107366200440107473e-03, -2.891195971750904728e-04, 1.219703785570885144e-05, 1.413502652938022463e-04, 1.408145317357414948e-04, -4.633631312365911949e-07
6.926922080369999435e+01, 1.351666120944597718e-03, 1.083414927388370082e-03, -2.837783256870154893e-04, 1.256898418708300053e-05, 1.396918625183122533e-04, 1.392148373373182423e-04, -4.074210098565534772e-07
7.052955127760000664e+01, 1.322309136525025037e-03, 1.059727054513654983e-03, -2.784379412351955011e-04, 1.290108013079575077e-05, 1.380253140594577552e-04, 1.376053921963614956e-04, -3.532075150010115257e-07
7.179654848699999548e+01, 1.293246466284962530e-03, 1.036292290955867544e-03, -2.730991763688004866e-04, 1.319454666468467655e-05, 1.363498385801557465e-04, 1.359853915113455125e-04, -3.007419975455672738e-07
7.307024769679999565e+01, 1.264468266931855021e-03, 1.013101202777782171e-03, -2.677627854918905007e-04, 1.345059827897919922e-05, 1.346647000020987630e-04, 1.343540789011384929e-04, -2.500405014773977202e-07
7.435068435830000055e+01, 1.235965524361187610e-03, 9.901451549216293453e-04, -2.624295454481359894e-04, 1.367044127759769877e-05, 1.329692044653232603e-04, 1.327107430479795044e-04, -2.011160289986462412e-07
7.563789411049999956e+01, 1.207730002927912428e-03, 9.674162585166683811e-04, -2.571002561178967086e-04, 1.385527254501330008e-05, 1.312626975644937350e-04, 1.310547146549885034e-04, -1.539788175931560003e-07
7.693191278070000294e+01, 1.179754199312312403e-03, 9.449073230046279659e-04, -2.517757410511680012e-04, 1.400627831405212381e-05, 1.295445618566529915e-04, 1.293853636848802345e-04, -1.086365624990135340e-07
7.823277638599999761e+01, 1.152031300435307467e-03, 9.226118126186382256e-04, -2.464568481008057158e-04, 1.412463358203297446e-05, 1.278142145752225191e-04, 1.277020968530130141e-04, -6.509462011687764223e-08
7.954052113379999867e+01, 1.124555145145725039e-03, 9.005238068035075448e-04, -2.411444500967157515e-04, 1.421150124633889945e-05, 1.260711055691072547e-04, 1.260043553494762255e-04, -2.335622832665945127e-08
8.085518342299999972e+01, 1.097320189328962383e-03, 8.786379641979305197e-04, -2.358394455333669842e-04, 1.426803188006745182e-05, 1.243147154144925016e-04, 1.242916127643660016e-04, 1.657738860298788715e-08
8.217679984529999615e+01, 1.070321474074242482e-03, 8.569494898678175045e-04, -2.305427592903585090e-04, 1.429536343774595036e-05, 1.225445536999992461e-04, 1.225633732010087372e-04, 5.470682733236119913e-08
8.350540718569999399e+01, 1.043554596681697463e-03, 8.354541054928902623e-04, -2.252553433766392400e-04, 1.429462097870470174e-05, 1.207601574545557574e-04, 1.208191695540414984e-04, 9.103437385732738489e-08
8.484104242380000471e+01, 1.017015684338758207e-03, 8.141480222426007718e-04, -2.199781777112967554e-04, 1.426691682749540150e-05, 1.189610897136334964e-04, 1.190585619344630025e-04, 1.255639367908735028e-07
8.618374273499999560e+01, 9.907013700715015195e-04, 7.930279161264679492e-04, -2.147122709287875293e-04, 1.421335059082200128e-05, 1.171469381936664927e-04, 1.172811362302777409e-04, 1.583009123083320176e-07
8.753354549120000172e+01, 9.646087709939705351e-04, 7.720909056097102850e-04, -2.094586612319760061e-04, 1.413500925101607666e-05, 1.153173140816207449e-04, 1.154865027842057608e-04, 1.892521081856775109e-07
8.889048826200000519e+01, 9.387354685911368166e-04, 7.513345313134287863e-04, -2.042184172793542335e-04, 1.403296748116784914e-05, 1.134718509081457545e-04, 1.136742951751682531e-04, 2.184256798301300079e-07
9.025460881559999393e+01, 9.130794908704057550e-04, 7.307567376407597204e-04, -1.989926391195957290e-04, 1.390828786603007488e-05, 1.116102035025712366e-04, 1.118441690903795106e-04, 2.458310871454402661e-07
9.162594512030000260e+01, 8.876392962910155567e-04, 7.103558561988849822e-04, -1.937824591718564980e-04, 1.376202132722364940e-05, 1.097320470101947540e-04, 1.099958012780992574e-04, 2.714790365147912519e-07
9.300453534499999364e+01, 8.624137594147395598e-04, 6.901305908925887186e-04, -1.885890432726967524e-04, 1.359520732702927587e-05, 1.078370759771960018e-04, 1.081288885668727558e-04, 2.953814388378739970e-07
9.439041786059999595e+01, 8.374021580934310361e-04, 6.700800045820292901e-04, -1.834135917705492574e-04, 1.340887442387517364e-05, 1.059250034630397370e-04, 1.062431469390020145e-04, 3.175514143900237077e-07
9.578363124089999303e+01, 8.126041621908894905e-04, 6.502035072256277326e-04, -1.782573407070035148e-04, 1.320404057381152345e-05, 1.039955602066047475e-04, 1.043383106500814944e-04, 3.380032529977204528e-07
9.718421426369999949e+01, 7.880198237444957293e-04, 6.305008454282770656e-04, -1.731215630647862415e-04, 1.298171361158902510e-05, 1.020484938002982412e-04, 1.024141313800552443e-04, 3.567524412384889841e-07
9.859220591209999895e+01, 7.636495685442577135e-04, 6.109720933504282896e-04, -1.680075701137087574e-04, 1.274289166339217407e-05, 1.000835678868102597e-04, 1.004703774097211427e-04, 3.738156174520205392e-07
1.000076453749999956e+02, 7.394941891395480360e-04, 5.916176449114589906e-04, -1.629167128599335007e-04, 1.248856357986887568e-05, 9.810056135861058239e-05, 9.850683280213485226e-05, 3.892107037619709720e-07
1.014305720499999950e+02, 7.155548390249857459e-04, 5.724382073253995616e-04, -1.578503836038200022e-04, 1.221970951403759945e-05, 9.609926754044220915e-05, 9.652329660261437395e-05, 4.029567220809929964e-07
1.028610255400000000e+02, 6.918330287097667567e-04, 5.534347958556454922e-04, -1.528100176606670053e-04, 1.193730077088560013e-05, 9.407949338199134094e-05, 9.451958200286794470e-05, 4.150740095667337650e-07
1.042990456609999939e+02, 6.683306224548484810e-04, 5.346087298723837785e-04, -1.477970951912520108e-04, 1.164230140257342448e-05, 9.204105857580624213e-05, 9.249551549956678133e-05, 4.255842946305337501e-07
1.057446724379999949e+02, 6.450498371682290236e-04, 5.159616302817022658e-04, -1.428131432612097422e-04, 1.133566722760457693e-05, 8.998379469310734948e-05, 9.045093604124552068e-05, 4.345104338934019926e-07
1.071979461070000070e+02, 6.219932425343080050e-04, 4.974954182296090731e-04, -1.378597380834580086e-04, 1.101834715517180039e-05, 8.790754423513175717e-05, 8.838569409580770021e-05, 4.418768145081152330e-07
1.086589071180000019e+02, 5.991637627178344160e-04, 4.792123152865746991e-04, -1.329385075038852504e-04, 1.069128335674597493e-05, 8.581215963956993927e-05, 8.629965069811730419e-05, 4.477092219851319913e-07
1.101275961340000009e+02, 5.765646800885628354e-04, 4.611148451545774973e-04, -1.280511337812060137e-04, 1.035541137102431307e-05, 8.369750223262772764e-05, 8.419267643252603662e-05, 4.520349158599760278e-07
1.116040540340000007e+02, 5.541996406839640090e-04, 4.432058370248337853e-04, -1.231993566879332558e-04, 1.001166081071142396e-05, 8.156344110135665829e-05, 8.206465034916592431e-05, 4.548827580678665097e-07
1.130883219130000015e+02, 5.320726619882357915e-04, 4.254884307890673036e-04, -1.183849770093172501e-04, 9.660955372043070587e-06, 7.940985190746759547e-05, 7.991545882534884545e-05, 4.562831830578432569e-07
1.145804410829999966e+02, 5.101881431455192704e-04, 4.079660842657427161e-04, -1.136098604976585095e-04, 9.304213300100111001e-06, 7.723661562610464990e-05, 7.774499434896189952e-05, 4.562683567056789913e-07
1.160804530749999941e+02, 4.885508778991567210e-04, 3.906425827528540204e-04, -1.088759423661764974e-04, 8.942347661070095270e-06, 7.504361722524506887e-05, 7.555315425596185845e-05, 4.548722026989619960e-07
1.175883996390000021e+02, 4.671660708708505081e-04, 3.735220512206482123e-04, -1.041852324319314960e-04, 8.576266453152140370e-06, 7.283074430887427847e-05, 7.333983942582702239e-05, 4.521304498609607632e-07
1.191043227459999940e+02, 4.460393575418537793e-04, 3.566089695206862390e-04, -9.953982101952567752e-05, 8.206873105958150430e-06, 7.059788574451740626e-05, 7.110495295322079876e-05, 4.480808475594659778e-07
1.206282645910000042e+02, 4.251768284065535154e-04, 3.399081912574142424e-04, -9.494188577425359836e-05, 7.835066486978405572e-06, 6.834493032868729193e-05, 6.884839890483653306e-05, 4.427630000682124688e-07
1.221602675879999964e+02, 4.045850589451134962e-04, 3.234249667586540323e-04, -9.039369959946264412e-05, 7.461741027108537874e-06, 6.607176559166535209e-05, 6.657008113584577140e-05, 4.362186439233520174e-07
1.237003743799999995e+02, 3.842711449303427319e-04, 3.071649710785115091e-04, -8.589763987231837392e-05, 7.087787444874827394e-06, 6.377827679190968958e-05, 6.426990236983813045e-05, 4.284917189353602518e-07
1.252486278330000005e+02, 3.642427458858672035e-04, 2.911343380655224836e-04, -8.145619930597333724e-05, 6.714092199839827225e-06, 6.146434637557165038e-05, 6.194776371630134905e-05, 4.196282128712679680e-07
1.268050710389999978e+02, 3.445081372683825218e-04, 2.753397015077329668e-04, -7.707199873308593274e-05, 6.341538290929102774e-06, 5.912985404756855579e-05, 5.960356476892500466e-05, 4.096765074731249514e-07
1.283697473199999877e+02, 3.250762734677167223e-04, 2.597882451292104957e-04, -7.274780226316856320e-05, 5.971005362316814734e-06, 5.677467787977275016e-05, 5.723720478361460021e-05, 3.986873187960899942e-07
1.299427002269999889e+02, 3.059568643056809764e-04, 2.444877633581379775e-04, -6.848653537167176690e-05, 5.603369796207055214e-06, 5.439869698376757908e-05, 5.484858542440824444e-05, 3.867136578695342494e-07
1.315239735389999964e+02, 2.871604682031494906e-04, 2.294467351894192292e-04, -6.429130658518375215e-05, 5.239505249228880440e-06, 5.200179648163820391e-05, 5.243761577311577878e-05, 3.738110217376315297e-07
1.331136112689999891e+02, 2.686986054146627326e-04, 2.146744144425587609e-04, -6.016543360916455586e-05, 4.880283132689998017e-06, 4.958387587800859960e-05, 5.000422081272902714e-05, 3.600373792648682696e-07
1.347116576619999933e+02, 2.505838971225547609e-04, 2.001809404184005123e-04, -5.611247503378109710e-05, 4.526573138305632107e-06, 4.714486247167867138e-05, 4.754835498301477074e-05, 3.454531692893152410e-07
1.363181571979999944e+02, 2.328302362157657571e-04, 1.859774741399892453e-04, -5.213626898752194371e-05, 4.179244053809186852e-06, 4.468473207319073137e-05, 4.507002317076172363e-05, 3.301212826053177350e-07
1.379331545889999973e+02, 2.154529990247507391e-04, 1.720763667409085128e-04, -4.824098056877507504e-05, 3.839165047323815156e-06, 4.220354046929863099e-05, 4.256931255962967278e-05, 3.141071706820139912e-07
1.395566947890000051e+02, 1.984693075697565017e-04, 1.584913689536172486e-04, -4.443116033116022232e-05, 3.507207168410567266e-06, 3.970147056646155446e-05, 4.004644061647709717e-05, 2.974787130114749978e-07
1.411888229840000122e+02, 1.818983583392929976e-04, 1.452378928324990059e-04, -4.071181689592997312e-05, 3.184245446111440571e-06, 3.717890266393537418e-05, 3.750182671746642214e-05, 2.803061979541227094e-07
1.428295846030000007e+02, 1.657618345482949999e-04, 1.323333404375869971e-04, -3.708850745517375562e-05, 2.871162174127745208e-06, 3.463651864293152446e-05, 3.493619879529959740e-05, 2.626623543668657588e-07
1.444790253140000118e+02, 1.500844268276072565e-04, 1.197975190603147680e-04, -3.356745119661685138e-05, 2.568850532272934981e-06, 3.207545645269937540e-05, 3.235075223038464450e-05, 2.446220963242977432e-07
1.461371910249999928e+02, 1.348944947267614967e-04, 1.076531669539537619e-04, -3.015567185136665306e-05, 2.278221348222622276e-06, 2.949753910406622404e-05, 2.974738625324529820e-05, 2.262626344230337591e-07
1.478041278910000074e+02, 1.202249024907312556e-04, 9.592662311302195782e-05, -2.686117705188587393e-05, 2.000207355781837274e-06, 2.690561391053742399e-05, 2.712905689713347612e-05, 2.076627709921910059e-07
1.494798823069999969e+02, 1.061140999903497479e-04, 8.464867144070202217e-05, -2.369318343614965045e-05, 1.735783931071830103e-06, 2.430405654983795253e-05, 2.450030129217277598e-05, 1.889038875429115072e-07
1.511645009140000013e+02, 9.260742053284521681e-05, 7.385562791977002997e-05, -2.066239659804232655e-05, 1.485952034318235051e-06, 2.169951082658254821e-05, 2.186802225474447604e-05, 1.700654625770922716e-07
1.528580306030000031e+02, 7.975890242347122695e-05, 6.359061790967804762e-05, -1.778135190806780176e-05, 1.251834219453107317e-06, 1.910198693205722285e-05, 1.924262236998194956e-05, 1.512349105573732310e-07
1.545605185089999907e+02, 6.763286013519939914e-05, 5.390530472089990024e-05, -1.506481255743674785e-05, 1.034509108872526955e-06, 1.652639346920332242e-05, 1.663969391459982369e-05, 1.324818898915267433e-07
1.562720120189999875e+02, 5.630713618014795670e-05, 4.486127638200209928e-05, -1.253019143046627506e-05, 8.354234138923058972e-07, 1.399476967306449799e-05, 1.408219364415029907e-05, 1.139159049891597768e-07
1.579925587689999986e+02, 4.587256193864172062e-05, 3.653242262718082572e-05, -1.019790598318192448e-05, 6.556417645125493836e-07, 1.153886204498297382e-05, 1.160354032114447417e-05, 9.558762693274872620e-08
1.597222066470000073e+02, 3.643867795718997273e-05, 2.900369916498967389e-05, -8.091432275287819699e-06, 4.971751958770264858e-07, 9.203467945837520060e-06, 9.250084808692521975e-06, 7.771831209760601695e-08
1.614610037969999894e+02, 2.812031166609630056e-05, 2.237195916198547608e-05, -6.236603151400502406e-06, 3.606817667517744820e-07, 7.047552722132689724e-06, 7.083551537296973240e-06, 6.043640760866242420e-08
1.632089986139999951e+02, 2.104471488839039842e-05, 1.673117738612850075e-05, -4.659281513850458109e-06, 2.486129492746079800e-07, 5.143364918351165215e-06, 5.176114372497920188e-06, 4.438543460293905176e-08
1.649662397520000070e+02, 1.529551595101282522e-05, 1.216215876654504953e-05, -3.380216770974645136e-06, 1.600284267750142278e-07, 3.563153739051297206e-06, 3.600434782279012695e-06, 3.006613150185399623e-08
1.667327761189999933e+02, 1.092231369894139236e-05, 8.683713746059001844e-06, -2.406229360899562253e-06, 9.639951301014013241e-08, 2.359574431703570055e-06, 2.401759984575630173e-06, 1.865726235900177613e-08
1.685086568860000114e+02, 7.815644940048471610e-06, 6.234835086476189653e-06, -1.719292458902535160e-06, 5.297497381602897801e-08, 1.531838710235162515e-06, 1.576795140014860171e-06, 1.040970352415950553e-08
1.702939314799999977e+02, 5.803921285457862445e-06, 4.630182379381262950e-06, -1.271764786721831734e-06, 2.828298006232405175e-08, 1.021963452404736803e-06, 1.061050554208024820e-06, 5.519873981500065398e-09
1.720886495919999959e+02, 4.529107327513950344e-06, 3.644101530035269835e-06, -9.965844106191538773e-07, 1.361574204185009776e-08, 7.312767902012037531e-07, 7.641738074511318510e-07, 2.730545011755117353e-09
1.738928611759999967e+02, 3.800729845980465241e-06, 3.038102708218502581e-06, -8.310506013809445216e-07, 7.325109963131444799e-09, 5.765135475635601576e-07, 6.001548396623727384e-07, 1.435022265096281271e-09
1.757066164469999876e+02, 3.276109019845850132e-06, 2.660907079386447520e-06, -7.259744880315329286e-07, 2.950603648192577327e-09, 4.933782677969780133e-07, 5.133767524057667713e-07, 6.466283925761823974e-10
1.775299658909999891e+02, 2.998762144448860006e-06, 2.389281631326127701e-06, -6.530824546412535225e-07, 1.394441469581591706e-09, 4.523248126233944928e-07, 4.666621616303660239e-07, 2.748846661596830074e-10
1.793629602560000080e+02, 2.609810194197970139e-06, 2.130371601226397264e-06, -5.824828972786077039e-07, 7.923110236259062223e-10, 4.225674436769660363e-07, 4.338277126883319803e-07, 1.075959150261567396e-10
1.812056505600000094e+02, 2.347878630563697658e-06, 1.871745203145287516e-06, -5.066854568572944605e-07, -4.307164243691310968e-10, 3.914866582275140228e-07, 4.086425985168274621e-07, -1.077199742899220502e-10
1.830580880930000092e+02, 1.793308297721062391e-06, 1.439550046901117488e-06, -3.963550104607614531e-07, 3.297544020607435004e-09, 3.465107584464517376e-07, 3.517883862154927758e-07, 3.552676977318677571e-10
1.849203244139999924e+02, 1.362511263517880780e-06, 1.120053743188622908e-06, -2.801198411619999764e-07, 1.124238418534063725e-09, 2.862151398593672560e-07, 3.515570250318430000e-07, -1.994301251882304972e-10
1.867924113560000023e+02, 7.081490476064168097e-07, 5.481422827467921596e-07, -1.790436103682887474e-07, 2.877930558714712516e-09, 3.081820941763982872e-07, 2.062454889994864915e-07, 4.212070513707199868e-10
1.886744010239999909e+02, 4.637441154007167619e-10, 2.584637804624132359e-09, -6.964545361454480180e-10, 1.571324818933455380e-11, 4.357081022692125382e-10, 7.093905929801029382e-10, 3.279330705413670041e-12
1.905663458010000113e+02, 8.923420814818358078e-16, 9.346549010474325303e-11, -1.859734230104972422e-11, -1.034843101029659102e-14, 5.073268538052545556e-12, 1.760268599643707673e-11, -9.471741943403791632e-17
1.924682983470000011e+02, 2.934416465969365009e-23, 7.739191757794785510e-11, -1.648970423055882408e-11, -2.988497421049809799e-15, 4.478508664560939180e-12, 1.345401772167957541e-11, 2.237905437255787246e-16
1.943803115990000094e+02, 3.445019401191536145e-31, 7.208949011179686829e-11, -1.536284969361987470e-11, 4.209997738994447473e-16, 4.171677092322791932e-12, 1.252697150492112601e-11, 4.177819493219870193e-17
1.963024387750000130e+02, 1.235847409265300467e-36, 6.696223146317480404e-11, -1.427014370299327597e-11, 3.993636364202919766e-16, 3.874248806136762986e-12, 1.163391859778610094e-11, 3.834248726881724883e-17
1.982347333740000010e+02, 3.538255078500604971e-36, 6.202273083628740117e-11, -1.321743213754785064e-11, 3.736157517496812316e-16, 3.587778513186604979e-12, 1.077380412654297291e-11, 3.585341164079352816e-17
2.001772491790000004e+02, 6.685012749021855606e-36, 5.728462499639459999e-11, -1.220762508462482374e-11, 3.470220253418912284e-16, 3.313050743582634997e-12, 9.948976706009047901e-12, 3.328715896516029664e-17
2.021300402560000009e+02, 2.727737644285967165e-36, 5.276152979785533225e-11, -1.124362416724514187e-11, 3.199828272113105424e-16, 3.050846984107889776e-12, 9.161783063187166072e-12, 3.068052473448830065e-17
2.040931609589999880e+02, 2.076581089275055030e-35, 4.846719547581579953e-11, -1.032835857674988263e-11, 2.929078594200367610e-16, 2.801955026313392635e-12, 8.414590789314237349e-12, 2.807272989678142791e-17
2.060666659279999919e+02, 5.536664110393894493e-37, 4.441577011140440164e-11, -9.464842853680962931e-12, 2.662251045305614802e-16, 2.567185159196732301e-12, 7.709834008651484817e-12, 2.550457838899992856e-17
2.080506100910000100e+02, 1.752377451327926089e-37, 4.062224040289277845e-11, -8.656268656308097384e-12, 2.403945566715469698e-16, 2.347394152037819751e-12, 7.050089304239122018e-12, 2.301995577012755222e-17
2.100450486690000105e+02, 1.402108569287629967e-35, 3.710316512306957747e-11, -7.906162054989273434e-12, 2.159401139530057549e-16, 2.143528083030747151e-12, 6.438202536227389920e-12, 2.066863875146329720e-17
2.120500371749999999e+02, 1.823367335312987492e-36, 3.387791055855719727e-11, -7.218646184023744762e-12, 1.935165367645197534e-16, 1.956692864666342658e-12, 5.877501753910530019e-12, 1.851270134199532700e-17
2.140656314130000055e+02, 2.018295926687799094e-37, 3.097078111165355237e-11, -6.598893030708437319e-12, 1.740544636152832385e-16, 1.788275035026154913e-12, 5.372163985953861991e-12, 1.664031468591957536e-17
2.160918874850000009e+02, 6.601278764220804889e-37, 2.841481470044492548e-11, -6.053932676471437748e-12, 1.590912162651445177e-16, 1.640159606847914991e-12, 4.927868650314937014e-12, 1.519687152749532512e-17
2.181288617870000053e+02, 2.652342777459580176e-35, 2.625884790354392501e-11, -5.594153769947919795e-12, 1.515652638683174808e-16, 1.515131535225964887e-12, 4.553012392954750429e-12, 1.446038098701132406e-17
2.201766110169999990e+02, 2.782129329893927728e-35, 2.458135833102757346e-11, -5.236246795741126723e-12, 1.578506885027277434e-16, 1.417664502261759800e-12, 4.261089611704860671e-12, 1.503539998399374967e-17
2.222351921700000048e+02, 8.139822830925797606e-37, 2.351900564946262288e-11, -5.009258146902702719e-12, 1.932376574793059973e-16, 1.355542615313164918e-12, 4.075612917930254831e-12, 1.838165750836344760e-17
2.243046625430000063e+02, 2.795537704661482481e-36, 2.332723750486882390e-11, -4.967391426429384977e-12, 2.972914238936555004e-16, 1.343300839091097479e-12, 4.040649668449835386e-12, 2.831719123528485123e-17
2.263850797359999945e+02, 4.614750386263768092e-34, 2.450552452772574930e-11, -5.216310374392782615e-12, 5.799940598961689860e-16, 1.409375438250144965e-12, 4.242986481960717446e-12, 5.555240198961351154e-17
2.284765016549999928e+02, 4.453167045559817275e-34, 2.803325225565957703e-11, -5.962877989657567930e-12, 1.387150567635337337e-15, 1.609992780828495012e-12, 4.854791379628445236e-12, 1.335783784282405127e-16
2.305789865110000108e+02, 3.813431446480414783e-35, 3.582132306643677511e-11, -7.613332002331354613e-12, 4.014232952837969718e-15, 2.057027943153980013e-12, 6.213826666598034994e-12, 3.875644041695362728e-16
2.326925928240000019e+02, 4.002077202544207644e-35, 5.185873438902730258e-11, -1.100926288001732654e-11, 1.423687494719790023e-14, 2.979726985479362699e-12, 9.023856881748759111e-12, 1.381048409993247665e-15
2.348173794219999877e+02, 3.427755367696962158e-36, 8.546426233305512249e-11, -1.808574831452509807e-11, 6.249353015119577194e-14, 4.899239499042659759e-12, 1.494134740641017603e-11, 6.155582490910195674e-15
2.369534054449999871e+02, 7.572609967583352902e-35, 1.596932733777782607e-10, -3.350881232547177184e-11, 3.346858739611485462e-13, 9.075323327845252555e-12, 2.819310389850597300e-11, 3.442513618382320473e-14
2.391007303469999954e+02, 5.220744026708822336e-34, 3.292762689047679989e-10, -6.739200970458337501e-11, 2.008024503342759976e-12, 1.823867846567882512e-11, 5.974117271677222463e-11, 2.322526212448880435e-13
2.412594138940000050e+02, 9.097686298227385465e-34, 6.880860133621598262e-10, -1.298905480500642372e-10, 1.009720617041932233e-11, 3.512647138801897815e-11, 1.349932672951920123e-10, 1.501194971499227489e-12
2.434295161699999994e+02, 1.633677515745482342e-34, 1.204870282117525089e-09, -1.779409866742997690e-10, 7.317313088157455726e-12, 4.831606663181708078e-11, 2.798313926301667477e-10, 1.381392420950789969e-12
2.456110975770000096e+02, 3.654709294711525055e-35, 1.510372559921234886e-09, -1.840713242394350078e-10, -1.509014514834097407e-11, 4.979024566089539819e-11, 3.794941917972582800e-10, -2.279189810588499905e-12
2.478042188340000109e+02, 5.912452090290617888e-34, 1.542303714211650186e-09, -1.751841993888790191e-10, -3.919359254111602556e-12, 4.734555612308295344e-11, 3.965345972614732495e-10, -7.243654110620067357e-13
2.500089409859999989e+02, 3.666568579832439922e-34, 1.545462932600215145e-09, -1.733943286711839900e-10, -4.869712584610515683e-13, 4.684212535048314193e-11, 3.987295556104587856e-10, -9.534914445581300228e-14
2.522253253949999987e+02, 3.006344438696634720e-35, 1.546071997117079972e-09, -1.730170247546062430e-10, -1.203345152415579984e-13, 4.673707880235909843e-11, 3.991806752490607416e-10, -2.360299355998757616e-14
2.544534337519999951e+02, 1.279173910904877673e-33, 1.546118740402330107e-09, -1.729906922803860007e-10, -1.006867980317215582e-14, 4.673018249772652815e-11, 3.992172972744865246e-10, -1.946580174791692342e-15
2.566933280729999751e+02, 1.253215701299029929e-33, 1.546113600132012504e-09, -1.729887259391822594e-10, -8.961230052026589151e-17, 4.672988627177542014e-11, 3.992189777510637786e-10, -7.196779203237056914e-17
2.589450707010000201e+02, 1.558035062965079765e-33, 1.546111929891452670e-09, -1.729879205119309948e-10, 9.774255484636591962e-17, 4.672967637158777778e-11, 3.992190568219792654e-10, 1.646168089705432405e-18
2.612087243099999796e+02, 2.612646857188600283e-33, 1.546111918291634863e-09, -1.729878037461505105e-10, 5.069544636444267699e-18, 4.672963373206132182e-11, 3.992190420564438017e-10, 4.032763968865822773e-19
2.634843519059999721e+02, 6.425018112953989678e-35, 1.546111991235757504e-09, -1.729878190453094931e-10, -3.168515529195462721e-18, 4.672963547339482392e-11, 3.992190353285682732e-10, -1.782194271295671461e-21
2.657720168270000158e+02, 9.485760181203456736e-35, 1.546112016055944991e-09, -1.729878236636669923e-10, -1.130375096390497280e-18, 4.672963616648403080e-11, 3.992190356757939823e-10, -4.495662176204392233e-20
2.680717827459999967e+02, 1.170991351324872341e-34, 1.546112023110939897e-09, -1.729878241830702425e-10, -6.535682695329215386e-19, 4.672963616983355006e-11, 3.992190365215612399e-10, -5.646968855036510807e-20
2.703837136729999884e+02, 1.060944867380533592e-34, 1.546112019478107404e-09, -1.729878251546772621e-10, -1.892518514379889884e-19, 4.672963662391339736e-11, 3.992190362296310037e-10, -1.711004207734517387e-20
2.727078739579999933e+02, 2.208338497988783419e-35, 1.546112012692074823e-09, -1.729878252196257261e-10, 2.677482138413077532e-19, 4.672963683856756764e-11, 3.992190355688265010e-10, 2.332370637847177500e-20
2.750443282900000099e+02, 1.007119653418096834e-34, 1.546112010363370113e-09, -1.729878265342132605e-10, 1.889065082594127663e-19, 4.672963737600887408e-11, 3.992190353925452652e-10, 1.460655568567729917e-20
2.773931417000000010e+02, 3.158097891584640039e-34, 1.546112011202574829e-09, -1.729878233042552584e-10, -2.854229126388524983e-20, 4.672963620766490094e-11, 3.992190354718597884e-10, -2.064754329287119817e-21
2.797543795639999757e+02, 1.693355318552182508e-35, 1.546112011564932464e-09, -1.729878269734065128e-10, -1.509164941704097409e-19, 4.672963749894970414e-11, 3.992190355201809915e-10, -1.227083010401002476e-20
2.821281076029999895e+02, 7.512420568011662779e-35, 1.546112009324897586e-09, -1.729878220637232655e-10, -5.343944851898909985e-20, 4.672963582579725550e-11, 3.992190353286357401e-10, -6.737228602392656747e-21
2.845143918869999879e+02, 3.655293509817127491e-35, 1.546112006106402343e-09, -1.729878291396335116e-10, 4.239397319429984946e-19, 4.672963841340165179e-11, 3.992190349272212740e-10, 3.833008439622587722e-20
2.869132988320000095e+02, 3.197723515175324531e-35, 1.546112010385149985e-09, -1.729878222022047513e-10, 8.551373770668692388e-20, 4.672963584226974961e-11, 3.992190354094447202e-10, 4.417798224441588029e-21
2.893248952100000224e+02, 2.176047900908892396e-34, 1.546112016186747474e-09, -1.729878273781900080e-10, -1.501189325440562324e-19, 4.672963750422722631e-11, 3.992190359053707235e-10, -9.775584255846185929e-21
2.917492481429999884e+02, 1.724435624352979921e-33, 1.546112019345240070e-09, -1.729878226509494840e-10, -4.949032354674154835e-19, 4.672963574815462585e-11, 3.992190362816332639e-10, -4.186533654331410077e-20
2.941864251090000266e+02, 9.977921800002812148e-33, 1.546112013504735107e-09, -1.729878249059632580e-10, -1.952778045847957389e-19, 4.672963671596265046e-11, 3.992190357457207294e-10, -1.839419380556540062e-20
2.966364939439999944e+02, 2.234954108779352646e-32, 1.546112004007477447e-09, -1.729878270409342293e-10, 5.765688433572977065e-19, 4.672963773117427632e-11, 3.992190347403172813e-10, 5.013984237311162699e-20
2.990995228400000201e+02, 1.764409065740710074e-33, 1.546112005203497481e-09, -1.729878248100232575e-10, 4.387211903739009574e-19, 4.672963691092607707e-11, 3.992190348908227421e-10, 3.520805197134075193e-20
3.015755803519999745e+02, 1.740419763303110157e-33, 1.546112014641479792e-09, -1.729878262808382746e-10, -1.510268334294607519e-19, 4.672963716171616879e-11, 3.992190357773512371e-10, -1.029007334237273275e-20
3.040647353979999821e+02, 2.843828929884362718e-34, 1.546112021283915059e-09, -1.729878219969882465e-10, -7.463436194280398003e-19, 4.672963546672185452e-11, 3.992190365127397722e-10, -6.581126981336652461e-20
3.065670572590000234e+02, 1.794344693588900239e-33, 1.546112013597534845e-09, -1.729878259158527392e-10, 1.274354654635004918e-19, 4.672963705890959985e-11, 3.992190356504909410e-10, 1.191466136322282557e-20
3.090826155830000062e+02, 8.953154672574641455e-34, 1.546112008360529896e-09, -1.729878274294939985e-10, 4.848438051517672177e-19, 4.672963773823877356e-11, 3.992190350988555125e-10, 4.446627143602490086e-20
3.116114803869999719e+02, 1.167978287207366263e-35, 1.546112012648317589e-09, -1.729878224774440078e-10, -4.358960073240654978e-19, 4.672963588462417578e-11, 3.992190357043309897e-10, -4.066575799406362719e-20
3.141537220580000280e+02, 1.480479452211597594e-34, 1.546112008274707426e-09, -1.729878254330084939e-10, -8.196708787583910890e-20, 4.672963704852324866e-11, 3.992190352205422592e-10, -6.687387869884884656e-21
3.167094113539999967e+02, 6.888589017692934806e-36, 1.546112002233472611e-09, -1.729878262081545087e-10, 4.719929540593687349e-19, 4.672963748774722296e-11, 3.992190345805205143e-10, 4.126178125411747512e-20
3.192786194099999761e+02, 1.365842262075423588e-35, 1.546112005727387359e-09, -1.729878250958874939e-10, 1.259935048738220068e-19, 4.672963700219109833e-11, 3.992190349827502187e-10, 8.136747172414101909e-21
3.218614177360000213e+02, 3.372405906195947165e-36, 1.546112011786549866e-09, -1.729878248815037600e-10, -3.288290988957307514e-20, 4.672963674660567257e-11, 3.992190354997550070e-10, -7.304292959588017867e-22
3.244578782190000084e+02, 1.593142620973084975e-35, 1.546112017223005018e-09, -1.729878252789770207e-10, -3.112892490000245108e-19, 4.672963673899554631e-11, 3.992190360727602331e-10, -2.698504611580172518e-20
3.270680731269999910e+02, 1.587383281435089997e-33, 1.546112016175714953e-09, -1.729878229599607413e-10, -5.041604666574072623e-20, 4.672963594448189881e-11, 3.992190359500207439e-10, -6.083849874313870184e-21
3.296920751119999977e+02, 2.245160933463732545e-33, 1.546112014040132514e-09, -1.729878291066187429e-10, 3.258545453075077215e-19, 4.672963816703562572e-11, 3.992190356091982399e-10, 3.309417627953379942e-20
3.323299572089999856e+02, 4.308848245549445036e-35, 1.546112018919499928e-09, -1.729878215560474977e-10, -4.905240938049284320e-19, 4.672963538071015393e-11, 3.992190363122545079e-10, -4.663205787348034721e-20
3.349817928370000004e+02, 2.629192900859920075e-33, 1.546112013177400093e-09, -1.729878253667377559e-10, 5.910542345418987580e-20, 4.672963687823799952e-11, 3.992190356265005319e-10, 6.331067700972927875e-21
3.376476558080000245e+02, 2.096431831800250039e-33, 1.546112008716217560e-09, -1.729878283402264962e-10, 2.612940913541569700e-19, 4.672963805314715008e-11, 3.992190351528477624e-10, 2.625359958807492387e-20
3.403276203209999835e+02, 5.665029291399985206e-35, 1.546112010043454909e-09, -1.729878198747387444e-10, -3.713868920764062522e-19, 4.672963504465674682e-11, 3.992190355242524779e-10, -3.850557444643962635e-20
3.430217609690000131e+02, 1.444952768785742583e-35, 1.546112003008170062e-09, -1.729878300797132401e-10, 5.558991518961939859e-19, 4.672963883130962115e-11, 3.992190346024367681e-10, 5.072208970369524807e-20
3.457301527380000152e+02, 1.434643972809620173e-34, 1.546112008487802387e-09, -1.729878238883055169e-10, 1.290967454091030120e-19, 4.672963648834282473e-11, 3.992190351826050163e-10, 1.212058909512209998e-20
3.484528710129999922e+02, 2.406327894298422758e-34, 1.546112016946164831e-09, -1.729878232526957466e-10, -6.634806015954043403e-19, 4.672963604009402560e-11, 3.992190361416582776e-10, -5.946000855542207225e-20
3.511899915760000113e+02, 3.815160400948730542e-35, 1.546112010161714853e-09, -1.729878252917089847e-10, 1.786561072114990007e-19, 4.672963693761412249e-11, 3.992190353399672356e-10, 1.580143229279722549e-20
3.539415906109999810e+02, 3.219024806056162699e-33, 1.546112007502282448e-09, -1.729878278086749872e-10, 6.070484794169142826e-19, 4.672963789519925455e-11, 3.992190350014907192e-10, 5.442056435791052928e-20
3.567077447039999925e+02, 3.239915440091508106e-33, 1.546112019110682461e-09, -1.729878240541277260e-10, -4.360295679915573002e-19, 4.672963625814437977e-11, 3.992190363114987750e-10, -3.973338762666065077e-20
3.594885308460000033e+02, 1.696780043889489991e-34, 1.546112020399337625e-09, -1.729878216627797495e-10, -3.233136745820582306e-19, 4.672963536843412156e-11, 3.992190363852114760e-10, -2.881934135286682216e-20
3.622840264359999765e+02, 8.102180103464564207e-34, 1.546112013932100038e-09, -1.729878309318967566e-10, 4.925736744248387098e-19, 4.672963881391915043e-11, 3.992190355739847476e-10, 4.679586665429597537e-20
3.650943092819999833e+02, 1.929655695870617625e-33, 1.546112019439765101e-09, -1.729878206540637532e-10, -2.456372312896394920e-19, 4.672963504226317694e-11, 3.992190363272485007e-10, -2.456485311596802539e-20
3.679194576040000015e+02, 1.985156840217987528e-32, 1.546112018909809921e-09, -1.729878269395727578e-10, -1.877262501922052450e-19, 4.672963727631527012e-11, 3.992190362080697139e-10, -1.548383081637002343e-20
3.707595500360000074e+02, 2.028506934948507578e-32, 1.546112013732799968e-09, -1.729878247074132603e-10, -4.697105538839457941e-20, 4.672963662467459739e-11, 3.992190356440577506e-10, 2.495980274743024776e-21
3.736146656270000221e+02, 2.205650031254865126e-35, 1.546112007439900209e-09, -1.729878231812277553e-10, -3.714244464744642580e-19, 4.672963630730655408e-11, 3.992190354214367712e-10, -2.276578978395185112e-20
3.764848838440000236e+02, 2.084806532367580437e-36, 1.546111991827777493e-09, -1.729878249356149946e-10, 1.766599086988074903e-18, 4.672963748303204789e-11, 3.992190348682062283e-10, 8.716234178545335137e-20
3.793702845760000173e+02, 9.210099963667155610e-37, 1.546112020345704888e-09, -1.729878492621997438e-10, 1.140319483478652529e-17, 4.672964490686687378e-11, 3.992190343156004652e-10, 3.273435206663282793e-19
3.822709481329999903e+02, 1.988155588402607543e-34, 1.546112334992834868e-09, -1.729879445619125183e-10, 5.903971881660072202e-18, 4.672966412366337527e-11, 3.992190165858340149e-10, -3.560344133133682741e-19
3.851869552499999827e+02, 1.396099753921169927e-33, 1.546112799213752640e-09, -1.729876711380795228e-10, -3.095120403776404869e-16, 4.672954127645375453e-11, 3.992189519294655415e-10, -1.273351782357874941e-17
3.881183870899999988e+02, 7.650717333889690630e-36, 1.546105293137947556e-09, -1.729836111943687585e-10, -1.492331633445942474e-15, 4.672841472829329512e-11, 3.992190745830589996e-10, -5.534291058491552726e-17
3.910653252440000074e+02, 2.654916406534357452e-33, 1.546058654801655158e-09, -1.729750611605307270e-10, 2.019011705303827543e-15, 4.672739984306647488e-11, 3.992204899046687308e-10, 2.268927046433552264e-16
3.940278517369999918e+02, 5.379158743688954674e-35, 1.546065497422455198e-09, -1.730321632252720002e-10, 4.132883524333112663e-14, 4.674863846144812891e-11, 3.992313861645269858e-10, 3.109420795698852470e-15
3.970060490239999922e+02, 4.030074833432407902e-33, 1.547192041029309949e-09, -1.733597654804450044e-10, -1.773954471160087553e-15, 4.683118730565955537e-11, 3.993264836518687528e-10, -2.174171379524900122e-16
4.000000000000000000e+02, 1.587779422833665123e-32, 1.548272797137112528e-09, -1.737367855381644929e-10, 6.468284823853324814e-09, 4.693195576653762756e-11, 3.994120673232815232e-10, 2.284006102136012710e-07
