# z (m), K (m^2/s^2), Kth (K^2), uw (m^2/s^2), vw (m^2/s^2), uv (m^2/s^2), uu (m^2/s^2), vv (m^2/s^2), ww (m^2/s^2), ut (mK/s), vt (mK/s), wt (mK/s)
1.000000000000000056e-01, 1.455145785206167497e-01, 1.680555590888397482e-02, -3.138447812395924602e-02, -2.870831347997584992e-02, 1.771394475550985143e-02, 1.166913427384032448e-01, 1.135295903193842548e-01, 6.080822403995610193e-02, 1.135644035547194938e-02, 1.038840146991017524e-02, -2.172145204514687455e-02
9.944479457320000160e-01, 1.485009790093949900e-01, 2.123802234221424876e-02, -3.177107001654819879e-02, -2.821316481100847456e-02, 1.753619896102105030e-02, 1.196988446529207578e-01, 1.155236625058057437e-01, 6.177945091809612654e-02, 1.123079617350519928e-02, 9.973426886591132620e-03, -2.077857068310662650e-02
1.893627228199999957e+00, 1.501574817262265049e-01, 1.920524031585930241e-02, -3.163355087373292268e-02, -2.734772979426815243e-02, 1.766005926014857508e-02, 1.224479705277712466e-01, 1.172879159061197551e-01, 6.057907708077085035e-02, 1.171791188776405077e-02, 1.013066679468305024e-02, -2.052806832586212549e-02
2.797562874640000086e+00, 1.493552128165829829e-01, 1.845166999016004811e-02, -3.147116649277932610e-02, -2.650690703167287582e-02, 1.919481833774670104e-02, 1.249053258161084978e-01, 1.182829258940222561e-01, 5.552217399239459811e-02, 1.299039950410147554e-02, 1.094163736225217502e-02, -2.027753932778209728e-02
3.706280044650000161e+00, 1.505712275326279992e-01, 1.861318892356287474e-02, -3.128744037397639816e-02, -2.568553363171952389e-02, 1.963413179757127550e-02, 1.275968453234382627e-01, 1.197995575370207483e-01, 5.374605227862985085e-02, 1.369191386708562552e-02, 1.124075356054535062e-02, -2.002627369220812484e-02
4.619804030920000137e+00, 1.515828783747180108e-01, 1.900541621642290110e-02, -3.108642234610354757e-02, -2.487911006527352559e-02, 2.010987776222652318e-02, 1.301296588578312319e-01, 1.210970049632204976e-01, 5.193909300640892762e-02, 1.443719288700659985e-02, 1.155468995829582457e-02, -1.977414129782952695e-02
5.538160259939999719e+00, 1.525664568378974906e-01, 1.950418288667122441e-02, -3.087032565425525121e-02, -2.408542579612510046e-02, 2.047872709097720012e-02, 1.324929325036112437e-01, 1.222233317648864920e-01, 5.041664948899427651e-02, 1.514248005729720153e-02, 1.181462399231437456e-02, -1.952113011219389765e-02
6.461374292690000409e+00, 1.534405794940412460e-01, 2.004061462319622205e-02, -3.064070317852360045e-02, -2.330313143010225019e-02, 2.076401989670107612e-02, 1.346557909431392586e-01, 1.231455418174489946e-01, 4.907982631239392324e-02, 1.581634735980552361e-02, 1.202899970335392574e-02, -1.926727039078314843e-02
7.389471825360000246e+00, 1.541725050290412569e-01, 2.058315023347257605e-02, -3.039868346694619972e-02, -2.253136970728657554e-02, 2.097025541094999987e-02, 1.366027578375447471e-01, 1.238534981621232517e-01, 4.788875414606964809e-02, 1.645751169589115132e-02, 1.219838731450485075e-02, -1.901260149123944893e-02
8.322478690060000517e+00, 1.547434694533220134e-01, 2.111519317815662572e-02, -3.014510625799097371e-02, -2.176956648487694823e-02, 2.110107041455192359e-02, 1.383268894229182644e-01, 1.243458869793530180e-01, 4.681416259436262800e-02, 1.706468674564767807e-02, 1.232350017068747569e-02, -1.875715902984595104e-02
9.260420855570000498e+00, 1.551434756534542381e-01, 2.162741937231387607e-02, -2.988061719959552581e-02, -2.101733004628162510e-02, 2.116029926637947797e-02, 1.398271729012232345e-01, 1.246269521309705114e-01, 4.583282636664419429e-02, 1.763711420111574793e-02, 1.240553165259427465e-02, -1.850097473357205022e-02
1.020332442800000017e+01, 1.553684147354567613e-01, 2.211438442672495133e-02, -2.960572839941247661e-02, -2.027439450034674781e-02, 2.115199185435617454e-02, 1.411065304729740011e-01, 1.247043533628907352e-01, 4.492594572855446861e-02, 1.817452928280142294e-02, 1.244606278958382446e-02, -1.824407769907207544e-02
1.115121565159999939e+01, 1.554181782172644744e-01, 2.257286546037640118e-02, -2.932085796652732224e-02, -1.954058533484345078e-02, 2.108024825771574740e-02, 1.421703553189059832e-01, 1.245877282192369984e-01, 4.407827299113020042e-02, 1.867702300802252802e-02, 1.244691548576190056e-02, -1.798649560563042593e-02
1.210412090930000062e+01, 1.552953523555100079e-01, 2.300098186605480099e-02, -2.902635648920055128e-02, -1.881579707679690086e-02, 2.094907629927962589e-02, 1.430254897087505084e-01, 1.242877442042700092e-01, 4.327747089367230127e-02, 1.914491568592219944e-02, 1.241003409727857443e-02, -1.772825562065912658e-02
1.306206672379999922e+01, 1.550043033997497433e-01, 2.339769771339707607e-02, -2.872252522528017521e-02, -1.809997804606757604e-02, 2.076230650772937364e-02, 1.436795373865444869e-01, 1.238154875240349978e-01, 4.251358198523532556e-02, 1.957866397247320228e-02, 1.233740516694637607e-02, -1.746938501806100108e-02
1.402507975800000040e+01, 1.545505372882867434e-01, 2.376252515673154750e-02, -2.840962891252605052e-02, -1.739311951311659984e-02, 2.052355425903242686e-02, 1.441404138436560012e-01, 1.231820778332870098e-01, 4.177858299632595390e-02, 1.997879827759845017e-02, 1.223100749410962508e-02, -1.720991158376697361e-02
1.499318681579999968e+01, 1.539402538132929876e-01, 2.409534020520434985e-02, -2.808790501021424940e-02, -1.669524772984257513e-02, 2.023621267995635159e-02, 1.444160602153137518e-01, 1.223984323263619944e-01, 4.106601518174629595e-02, 2.034588260063852419e-02, 1.209278311862734857e-02, -1.694986387492522506e-02
1.596641484290000079e+01, 1.531800384001044957e-01, 2.439626444219769597e-02, -2.775757052921699886e-02, -1.600641791720307586e-02, 1.990346308390507704e-02, 1.445142672785870164e-01, 1.214751273115605018e-01, 4.037068230681727099e-02, 2.068048965380044762e-02, 1.192462180854677624e-02, -1.668927138740814928e-02
1.694479092759999972e+01, 1.522766509361715148e-01, 2.466558703073767206e-02, -2.741882720311442784e-02, -1.532670963215404872e-02, 1.952829417699214823e-02, 1.444425725387220028e-01, 1.204223227748920100e-01, 3.968840665520292910e-02, 2.098318605569235440e-02, 1.172835397006699934e-02, -1.642816466833127431e-02
1.792834230149999897e+01, 1.512368828440932289e-01, 2.490371215638970126e-02, -2.707186549808790130e-02, -1.465622313347354939e-02, 1.911352475353660096e-02, 1.442082053578457590e-01, 1.192497271965152483e-01, 3.901583322983372126e-02, 2.125452406385884910e-02, 1.150574868374192733e-02, -1.616657539824202516e-02
1.891709634000000051e+01, 1.500674620298612372e-01, 2.511112298376862867e-02, -2.671686779522175134e-02, -1.399507648557515166e-02, 1.866182687323100081e-02, 1.438180633147372600e-01, 1.179665876874152475e-01, 3.835027315294345374e-02, 2.149503750836482402e-02, 1.125851476786694956e-02, -1.590453645733974977e-02
1.991108056359999878e+01, 1.487749913432299953e-01, 2.528835659070107281e-02, -2.635401097075194821e-02, -1.334340321447812470e-02, 1.817574792772177691e-02, 1.432787085891235046e-01, 1.165816956719647468e-01, 3.768957851995914654e-02, 2.170524040421942247e-02, 1.098830355207590023e-02, -1.564208198414162448e-02
2.091032263820000026e+01, 1.473659104294589850e-01, 2.543598634935395272e-02, -2.598346853142182583e-02, -1.270135038325010020e-02, 1.765773084321372449e-02, 1.425963769241577750e-01, 1.151034017340897553e-01, 3.703204229433207373e-02, 2.188562725673785098e-02, 1.069671254296117660e-02, -1.537924743090547490e-02
2.191485037620000043e+01, 1.458464738404159911e-01, 2.555460945031977696e-02, -2.560541241334554977e-02, -1.206907698639922422e-02, 1.711013213557417700e-02, 1.417769942343097556e-01, 1.135396354771442545e-01, 3.637631806198782930e-02, 2.203667442041502833e-02, 1.038528947508352528e-02, -1.511606961771050014e-02
2.292469173710000163e+01, 1.442227403773477523e-01, 2.564483803636184722e-02, -2.522001452345582276e-02, -1.144675259007730053e-02, 1.653523779491877788e-02, 1.408261976070987465e-01, 1.118979277211065021e-01, 3.572135551793605146e-02, 2.215884209904517635e-02, 1.005553644007802644e-02, -1.485258678661875026e-02
2.393987482800000066e+01, 1.425005701128879976e-01, 2.570729290437887699e-02, -2.482744808110184942e-02, -1.083455616189407493e-02, 1.593527710513457582e-02, 1.397493585650489978e-01, 1.101854333269442487e-01, 3.506634842396207097e-02, 2.225257671958855155e-02, 9.708913909083372387e-03, -1.458883865539500023e-02
2.496042790510000131e+01, 1.406856265870249922e-01, 2.574259906117599972e-02, -2.442788880154227182e-02, -1.023267504648697410e-02, 1.531243456021267463e-02, 1.385516072076957428e-01, 1.084089535831129908e-01, 3.441069247206414439e-02, 2.231831350883829723e-02, 9.346844541812967741e-03, -1.432486647163050061e-02
2.598637937370000017e+01, 1.387833824045247577e-01, 2.575138263152294826e-02, -2.402151595530229930e-02, -9.641304055396095543e-03, 1.466886006043667534e-02, 1.372378563522335115e-01, 1.065749575081959971e-01, 3.375395103600645208e-02, 2.235647916504549665e-02, 8.970716725788750387e-03, -1.406071306762819891e-02
2.701775778969999919e+01, 1.367991269835289736e-01, 2.573426876462617252e-02, -2.360851332690309945e-02, -9.060644643201998250e-03, 1.400667756100650030e-02, 1.358128251241720041e-01, 1.046896017016262503e-01, 3.309582722713964864e-02, 2.236749455445814772e-02, 8.581887815834342639e-03, -1.379642291523612563e-02
2.805459185979999859e+01, 1.347379755760892417e-01, 2.569188028590270109e-02, -2.318907009352267484e-02, -8.490904150857545712e-03, 1.332799233705572566e-02, 1.342810616745639951e-01, 1.027587485576743898e-01, 3.243614100425227381e-02, 2.235177739349922602e-02, 8.181687066108563056e-03, -1.353204218210512545e-02
2.909691044250000047e+01, 1.326048789409089990e-01, 2.562483690877722514e-02, -2.276338163839210227e-02, -7.932295098341746870e-03, 1.263489700467692461e-02, 1.326469648412952618e-01, 1.007879827711384985e-01, 3.177481035207625065e-02, 2.230974489021967516e-02, 7.771418253898224049e-03, -1.326761878807510009e-02
3.014474254929999830e+01, 1.304046332408759779e-01, 2.553375487396422616e-02, -2.233165031037755155e-02, -7.385034512956909977e-03, 1.192947641984829985e-02, 1.309148046724565029e-01, 9.878262614362789962e-02, 3.111183574669569921e-02, 2.224181633303372319e-02, 7.352362002689202466e-03, -1.300320246299900215e-02
3.119811734479999998e+01, 1.281418898668744977e-01, 2.541924691447342705e-02, -2.189408614036934819e-02, -6.849343282682870092e-03, 1.121381155846465014e-02, 1.290887417859789832e-01, 9.674775074073005410e-02, 3.044728728636780096e-02, 2.214841561973785247e-02, 6.925777814380877119e-03, -1.273884480539520109e-02
3.225706414799999777e+01, 1.258211649853465119e-01, 2.528192247163734904e-02, -2.145090752042882673e-02, -6.325445523435005261e-03, 1.048998245998993689e-02, 1.271728455780127276e-01, 9.468819047958559887e-02, 2.978129399069392308e-02, 2.202997372431302753e-02, 6.492905820359546991e-03, -1.247459934215524972e-02
3.332161243310000032e+01, 1.234468486774034923e-01, 2.512238810672650161e-02, -2.100234185247162530e-02, -5.813567952853285377e-03, 9.760070304384157666e-03, 1.251711113149009957e-01, 9.260855124385110326e-02, 2.911403487190267203e-02, 2.188693110142032536e-02, 6.054968262598768233e-03, -1.221052158904105053e-02
3.439179183000000251e+01, 1.210232135815452470e-01, 2.494124806264810118e-02, -2.054862617054310087e-02, -5.313939263041247800e-03, 9.026158677312589099e-03, 1.230874761531760009e-01, 9.051321962778426100e-02, 2.844573145621292695e-02, 2.171974002983549645e-02, 5.613170714569867478e-03, -1.194666911232622475e-02
3.546763212540000154e+01, 1.185544229874760103e-01, 2.473910494217032574e-02, -2.009000773969779954e-02, -4.826789485334747817e-03, 8.290334065872465366e-03, 1.209258341352144883e-01, 8.840637041501232807e-02, 2.777664149703222563e-02, 2.152886689530502523e-02, 5.168703050107067987e-03, -1.168310159102359941e-02
3.654916326370000235e+01, 1.160445383533185021e-01, 2.451656047622174928e-02, -1.962674463421664947e-02, -4.352349341634497749e-03, 7.554685618566225370e-03, 1.186900502087347570e-01, 8.629197289827797435e-02, 2.710705367015309869e-02, 2.131479441389187365e-02, 4.722740168082995016e-03, -1.141988087971289832e-02
3.763641534770000163e+01, 1.134975262340282565e-01, 2.427421635988819687e-02, -1.915910629670597443e-02, -3.890849576914965063e-03, 6.821304194374482911e-03, 1.163839733138785082e-01, 8.417379614372913488e-02, 2.643728307920129722e-02, 2.107802379598227444e-02, 4.276442479114389746e-03, -1.115707107200355000e-02
3.872941863909999682e+01, 1.109172646182534916e-01, 2.401267513701872691e-02, -1.868737407913004939e-02, -3.442520267966482465e-03, 6.092280718748429962e-03, 1.140114485737697414e-01, 8.205541329894153191e-02, 2.576766743077819888e-02, 2.081907684970937464e-02, 3.830956159218322499e-03, -1.089473856415137595e-02
3.982820355999999862e+01, 1.083075486812485055e-01, 2.373254111975980213e-02, -1.821184176523485063e-02, -3.007590103185807211e-03, 5.369703857790650986e-03, 1.115763286191667480e-01, 7.994020504408597128e-02, 2.509856376446945037e-02, 2.053849802163402322e-02, 3.387413173930380224e-03, -1.063295211871312547e-02
4.093280069330000259e+01, 1.056720959654620096e-01, 2.343442132958812457e-02, -1.773281607547272723e-02, -2.586285630012597446e-03, 4.655657019930567291e-03, 1.090824840702900034e-01, 7.783136228121879940e-02, 2.443034564289937524e-02, 2.023685637216425179e-02, 2.946931076777602361e-03, -1.037178292816224971e-02
4.204324078369999995e+01, 1.030145510011196697e-01, 2.311892644702884941e-02, -1.725061715232650145e-02, -2.178830464996247326e-03, 3.952214688151647545e-03, 1.065338131880267519e-01, 7.573188815380323125e-02, 2.376340072217229815e-02, 1.991474748032287523e-02, 2.510612583541957550e-03, -1.011130467806584457e-02
4.315955473870000247e+01, 1.003384893842784453e-01, 2.278667176160539820e-02, -1.676557902509370063e-02, -1.785444462774132563e-03, 3.261438085089987324e-03, 1.039342507014311134e-01, 7.364459948913883169e-02, 2.309812863805277283e-02, 1.957279527278779976e-02, 2.079544924267807699e-03, -9.851593609804837337e-03
4.428177362880000345e+01, 9.764742132549042442e-02, 2.243827810955272353e-02, -1.627805005278210038e-02, -1.406342840347375115e-03, 2.585370171938879830e-03, 1.012877758064097689e-01, 7.157212775080450118e-02, 2.243493915216195067e-02, 1.921165376983092685e-02, 1.654798974381767622e-03, -9.592728582345050672e-03
4.540992868949999917e+01, 9.494479468693196866e-02, 2.207437279284055198e-02, -1.578839334089919902e-02, -1.041735251890768890e-03, 1.926029979176167341e-03, 9.859841932388420382e-02, 6.951691959340475235e-02, 2.177425051332992564e-02, 1.883200873881779938e-02, 1.237428164828276297e-03, -9.334791132544945774e-03
4.654405132099999776e+01, 9.223399752295970144e-02, 2.169559046935560023e-02, -1.529698713123990063e-02, -6.918248118974929840e-04, 1.285406271891135046e-03, 9.587026999891266887e-02, 6.748123710744891035e-02, 2.111648799470480092e-02, 1.843457924738567399e-02, 8.284671736342575201e-04, -9.077865534327059227e-03
4.768417308979999802e+01, 8.951836013618269527e-02, 2.130257400415569782e-02, -1.480422515868692543e-02, -3.568070616451969232e-04, 6.654505482922802237e-04, 9.310747990833748156e-02, 6.546715784398232651e-02, 2.046208257361920024e-02, 1.802011910253214708e-02, 4.289303980745963452e-04, -8.822038855365983701e-03
4.883032572949999661e+01, 8.680115666568205546e-02, 2.089597527637375093e-02, -1.431051697203537462e-02, -3.686887653710629864e-05, 6.806937644888099402e-05, 9.031426894343687339e-02, 6.347657471224601999e-02, 1.981146972771787376e-02, 1.758941816491427571e-02, 3.981020973492638000e-05, -8.567401011321107776e-03
4.998254114129999692e+01, 8.408560621750697794e-02, 2.047645592975385134e-02, -1.381628821326810058e-02, 2.678126891122509625e-04, -5.048839246842126878e-04, 8.749492832136018805e-02, 6.151119584184192024e-02, 1.916508832234947377e-02, 1.714330352358670040e-02, -3.379250061458702586e-04, -8.314044816878234795e-03
5.114085139529999680e+01, 8.137487354953151786e-02, 2.004468805942075105e-02, -1.332198084900467448e-02, 5.570716231013669644e-04, -1.051618250113055741e-03, 8.465382307277517782e-02, 5.957254450568832266e-02, 1.852337956967709670e-02, 1.668264051556817701e-02, -7.033330250354692453e-04, -8.062066032627939957e-03
5.230528873130000278e+01, 7.867206932314438350e-02, 1.960135482672342722e-02, -1.282805334808134919e-02, 8.307542444845055114e-04, -1.570414303361030101e-03, 8.179539344841878223e-02, 5.766195920292112309e-02, 1.788678604260610094e-02, 1.620833357444202705e-02, -1.055500167465349762e-03, -7.811563407209819350e-03
5.347588555950000000e+01, 7.598024993143856487e-02, 1.914715099143535215e-02, -1.233498079772515042e-02, 1.088720563280750004e-03, -2.059634799405604937e-03, 7.892415517834197591e-02, 5.578059400246293542e-02, 1.725575072834927351e-02, 1.572132688970299952e-02, -1.393543889131660133e-03, -7.562638713587295156e-03
5.465267446160000020e+01, 7.330241691529554293e-02, 1.868278335315935040e-02, -1.184325495006452456e-02, 1.330845712760007470e-03, -2.517735247460637597e-03, 7.604469851330415697e-02, 5.392941925289528038e-02, 1.663071610932870259e-02, 1.522260485831242356e-02, -1.716615571163412467e-03, -7.315396778462099521e-03
5.583568819159999919e+01, 7.064151597891123180e-02, 1.820897109273695094e-02, -1.135338419031635057e-02, 1.557021455511412456e-03, -2.943275276115697552e-03, 7.316168597299645138e-02, 5.210922276736203174e-02, 1.601212326110085238e-02, 1.471319230879202487e-02, -2.023903503034970089e-03, -7.069945503557406932e-03
5.702495967689999645e+01, 6.800043561754147425e-02, 1.772644600488555017e-02, -1.086589341672572484e-02, 1.767157764191054940e-03, -3.334930454420995029e-03, 7.027984872249840032e-02, 5.032061159668032441e-02, 1.540041095828007488e-02, 1.419415447774232536e-02, -2.314636049308927725e-03, -6.826395877740652589e-03
5.822052201889999878e+01, 6.538200537086163999e-02, 1.723595261281962721e-02, -1.038132382242783203e-02, 1.961184476910482390e-03, -3.691504551151085240e-03, 6.740398149503734615e-02, 4.856401450615962373e-02, 1.479601478167925054e-02, 1.366659671782772568e-02, -2.588084988989762525e-03, -6.584861978360927008e-03
5.942240849419999904e+01, 6.278899371741389346e-02, 1.673824815677347339e-02, -9.900232567388379465e-03, 2.139053026725882493e-03, -4.011942163226200030e-03, 6.453893597804177817e-02, 4.683968527637742685e-02, 1.419936622037545025e-02, 1.313166391634590022e-02, -2.843569014818167311e-03, -6.345460960675832970e-03
6.063065255539999754e+01, 6.022410562854814409e-02, 1.623410244933840008e-02, -9.423192329014585047e-03, 2.300738243415240310e-03, -4.295341630145207978e-03, 6.168961258027990530e-02, 4.514770695068467954e-02, 1.361089176494767461e-02, 1.259053960365252509e-02, -3.080457377014164666e-03, -6.108313033805146813e-03
6.184528783209999858e+01, 5.768997980231217737e-02, 1.572429759044247782e-02, -8.950790718599549792e-03, 2.446240224984929691e-03, -4.540968137396787785e-03, 5.886095049893093345e-02, 4.348799715473550265e-02, 1.303101198865614860e-02, 1.204444473074794963e-02, -3.298173654160390083e-03, -5.873541421762897528e-03
6.306634813160000164e+01, 5.518918560018717945e-02, 1.520962753587899903e-02, -8.483629550331148184e-03, 2.575586274964039753e-03, -4.748266895654387580e-03, 5.605791600865497187e-02, 4.186031461395502834e-02, 1.246014061437577571e-02, 1.149463609637742592e-02, -3.496199631350402261e-03, -5.641272308151885212e-03
6.429386744020000322e+01, 5.272421971374369881e-02, 1.469089751567504917e-02, -8.022323948384393194e-03, 2.688832900370717593e-03, -4.916876265674920143e-03, 5.328548889965712548e-02, 4.026426699649374857e-02, 1.189868356688959967e-02, 1.094240440429577500e-02, -3.674079263661899838e-03, -5.411634762811477414e-03
6.552787992400000405e+01, 5.029750259224140263e-02, 1.416892329998772557e-02, -7.567501277850382374e-03, 2.786067863520980126e-03, -5.046640680134365300e-03, 5.054864700049052639e-02, 3.869932020745657508e-02, 1.134703801105602441e-02, 1.038907193368435351e-02, -3.831422700485895110e-03, -5.184760649082905543e-03
6.676841992980000384e+01, 4.791137466433571801e-02, 1.364453031045920195e-02, -7.119799883571477708e-03, 2.867412279227304645e-03, -5.137623194309992591e-03, 4.785234872847487358e-02, 3.716480925697714099e-02, 1.080559137672975137e-02, 9.835989805908131739e-03, -3.967910344229857132e-03, -4.960784510036274700e-03
6.801552198599999599e+01, 4.556809239155178159e-02, 1.311855257840929996e-02, -6.679867621169679852e-03, 2.933022747050182538e-03, -5.190117476580277146e-03, 4.520151362304847265e-02, 3.565995081957799850e-02, 1.027472037299678558e-02, 9.284534833170338813e-03, -4.083296914822482672e-03, -4.739843431988417788e-03
6.926922080369999435e+01, 4.326982419530274460e-02, 1.259183155343572558e-02, -6.248360163637217170e-03, 2.983093506008714993e-03, -5.204659027665422405e-03, 4.260100083189570508e-02, 3.418385759532435036e-02, 9.754789994930807701e-03, 8.736105936307145617e-03, -4.177415489582537132e-03, -4.522076883744102077e-03
7.052955127760000664e+01, 4.101864630296535308e-02, 1.206521476797717436e-02, -5.825939067095547465e-03, 3.017858596819362593e-03, -5.182035394479257186e-03, 4.005558553713180203e-02, 3.273555457223427390e-02, 9.246152527148167669e-03, 8.192120121053391921e-03, -4.250181486187556805e-03, -4.307626529912404918e-03
7.179654848699999548e+01, 3.881653856198737790e-02, 1.153955436569999854e-02, -5.413269579041335780e-03, 3.037594014179067874e-03, -5.123295120645317453e-03, 3.756993332904116911e-02, 3.131399727558344809e-02, 8.749146548981035290e-03, 7.654008004079974545e-03, -4.301596555135119709e-03, -4.096636016762784591e-03
7.307024769679999565e+01, 3.666538027602687932e-02, 1.101570550545722532e-02, -5.011018172939084823e-03, 3.042619828841062503e-03, -5.029755150864654439e-03, 3.514857256023175280e-02, 2.991809207282097177e-02, 8.264095947684976448e-03, 7.123208882323191736e-03, -4.331752346765157732e-03, -3.889250729133640096e-03
7.435068435830000055e+01, 3.456694611959922753e-02, 1.049452465389487388e-02, -4.619849793926695744e-03, 3.033302256449919767e-03, -4.903006381527132487e-03, 3.279586474106205296e-02, 2.854671857963547374e-02, 7.791308946239737868e-03, 6.601165341480945067e-03, -4.340834117087027585e-03, -3.685617517243604691e-03
7.563789411049999956e+01, 3.252290219391810316e-02, 9.976867785522652507e-03, -4.240424801136937621e-03, 3.010055647102425225e-03, -4.744917024329992419e-03, 3.051597307193352343e-02, 2.719875418831547292e-02, 7.331077154379572573e-03, 6.089317401319689627e-03, -4.329124136118287815e-03, -3.485884392535435437e-03
7.693191278070000294e+01, 3.053480228889365183e-02, 9.463588510277452445e-03, -3.873395594756769405e-03, 2.973344366971329786e-03, -4.557633425325807730e-03, 2.831282924656562325e-02, 2.587310070534994816e-02, 6.883674651712627657e-03, 5.589096198258862447e-03, -4.297004862348872099e-03, -3.290200192446390056e-03
7.823277638599999761e+01, 2.860408442189150274e-02, 8.955536154740092319e-03, -3.519402916956710248e-03, 2.923684540489824950e-03, -4.343577957134770254e-03, 2.619009870498779924e-02, 2.456871304994822508e-02, 6.449357113728650809e-03, 5.101917206397798242e-03, -4.244961847389821727e-03, -3.098714214587607475e-03
7.954052113379999867e+01, 2.673206772778529902e-02, 8.453553826766664614e-03, -3.179071819672137783e-03, 2.861645619411657283e-03, -4.105443579794497422e-03, 2.415114456715877420e-02, 2.328462991975119994e-02, 6.028360992571955151e-03, 4.629173000771297404e-03, -4.173586335800327611e-03, -2.911575822234117178e-03
8.085518342299999972e+01, 2.491994977594759811e-02, 7.958476496223120672e-03, -2.853007294110625029e-03, 2.787851743073894994e-03, -3.846184644615020104e-03, 2.219899053197194744e-02, 2.202000627786659948e-02, 5.620902764984119990e-03, 4.172225565827222642e-03, -4.083577526500425416e-03, -2.728934023907312462e-03
8.217679984529999615e+01, 2.316880439785122883e-02, 7.471129135153437018e-03, -2.541789560622117333e-03, 2.702982852766635125e-03, -3.569003496865495208e-03, 2.033628309514609947e-02, 2.077414745944290361e-02, 5.227178263041388009e-03, 3.732398153018505037e-03, -3.975744464585652740e-03, -2.550937031935910163e-03
8.350540718569999399e+01, 2.147958010753392780e-02, 6.992324960617859846e-03, -2.245969020956329991e-03, 2.607775522643820260e-03, -3.277332418783087623e-03, 1.856525350788749973e-02, 1.954654462531599940e-02, 4.847362102775339479e-03, 3.310966689254507458e-03, -3.851007534739737340e-03, -2.377731806705067445e-03
8.484104242380000471e+01, 1.985309920016937665e-02, 6.522863832403047804e-03, -1.966060877282562510e-03, 2.503023469604537601e-03, -2.974810442614257353e-03, 1.688767997741849949e-02, 1.833691121499687188e-02, 4.481607227798735035e-03, 2.909150733983177726e-03, -3.710399530766672442e-03, -2.209463595483319824e-03
8.618374273499999560e+01, 1.829005761958037504e-02, 6.063530868256430430e-03, -1.702539425573727609e-03, 2.389577706038860123e-03, -2.665254557145502190e-03, 1.530485070244217392e-02, 1.714521996751267735e-02, 4.130044588026387381e-03, 2.528103977746587114e-03, -3.555066279786027635e-03, -2.046275477715007486e-03
8.753354549120000172e+01, 1.679102568481009861e-02, 5.615095343567312255e-03, -1.455832032242064924e-03, 2.268346301809872310e-03, -2.352624830396027322e-03, 1.381752843260335151e-02, 1.597173998127177433e-02, 3.792782973491787366e-03, 2.168904265846645189e-03, -3.386266804061415295e-03, -1.888307932005559844e-03
8.889048826200000519e+01, 1.535644977322325050e-02, 5.178309956694422331e-03, -1.226312802541708238e-03, 2.140293725681734899e-03, -2.040982974389157680e-03, 1.242591735399427473e-02, 1.481707318165772537e-02, 3.469909027449207591e-03, 1.832543117138457417e-03, -3.205373008062199856e-03, -1.735698443683405048e-03
9.025460881559999393e+01, 1.398665506131725050e-02, 4.753910554123487626e-03, -1.014295946785964209e-03, 2.006439741877247621e-03, -1.734443887890075057e-03, 1.112963322615286715e-02, 1.368218944771604911e-02, 3.161487464311982243e-03, 1.519914690229847700e-03, -3.013868885059317344e-03, -1.588581176854635037e-03
9.162594512030000260e+01, 1.268184944491002573e-02, 4.342616430969462905e-03, -8.200288433203037700e-04, 1.867857843965724891e-03, -1.437119724309872653e-03, 9.927677848161646154e-03, 1.256845952979842446e-02, 2.867561526284337532e-03, 1.231804120684375226e-03, -2.813349240911482748e-03, -1.447086740232532594e-03
9.300453534499999364e+01, 1.144212874550684308e-02, 3.945131335878857871e-03, -6.436847848051601480e-04, 1.725673215740569991e-03, -1.153056049384509028e-03, 8.818419073206547679e-03, 1.147768472624427494e-02, 2.588153704855079840e-03, 9.688751175883928085e-04, -2.605517944404347596e-03, -1.311342082865357434e-03
9.439041786059999595e+01, 1.026748342022140541e-02, 3.562145363152487317e-03, -4.853553733822860042e-04, 1.581060216436797538e-03, -8.861596569432910776e-04, 7.799577870631809948e-03, 1.041212218507736598e-02, 2.323266796888187428e-03, 7.316566438294134101e-04, -2.392185694141330150e-03, -1.181470563422067467e-03
9.578363124089999303e+01, 9.157806756668919468e-03, 3.194337879769089828e-03, -3.450424971693025200e-04, 1.435239391111432566e-03, -6.401176348942007408e-04, 6.868223948800499662e-03, 9.374504311378279581e-03, 2.072885264176144941e-03, 5.205284465743599846e-04, -2.175267349193675103e-03, -1.057592245411186592e-03
9.718421426369999949e+01, 8.112905313649280276e-03, 2.842381879757042117e-03, -2.226497755065168075e-04, 1.289474014263297663e-03, -4.183072220309127847e-04, 6.020782441109887029e-03, 8.368051016733098896e-03, 1.836977179342090061e-03, 3.357050452933977203e-04, -1.956778677188947442e-03, -9.398244827339537416e-04
9.859220591209999895e+01, 7.132510474241527017e-03, 2.506949675369094920e-03, -1.179732819814030748e-04, 1.145066150933200539e-03, -2.236960638982285401e-04, 5.253052840334379581e-03, 7.396471859419849471e-03, 1.615496257499465012e-03, 1.772177247701910683e-04, -1.738832790276322298e-03, -8.282828684477342536e-04
1.000076453749999956e+02, 6.216294897679839997e-03, 2.188721235803447324e-03, -3.069127287713951241e-05, 1.003352234074683137e-03, -5.873227118350042564e-05, 4.560246389699300178e-03, 6.463957942819269914e-03, 1.408385470519350107e-03, 4.489368102954279633e-05, -1.523635299936352628e-03, -7.230826440961079377e-04
1.014305720499999950e+02, 5.363886366998212203e-03, 1.888393381766872601e-03, 3.964754085113835218e-05, 8.656980197648801939e-04, 7.477612378507557725e-05, 3.937038690206332535e-03, 5.575154919321437252e-03, 1.215579131087717556e-03, -6.166859305993942111e-05, -1.313479745473817434e-03, -6.243406644182678293e-04
1.028610255400000000e+02, 4.574897061667685359e-03, 1.606695180265402430e-03, 9.363775096628705109e-05, 7.334928398285972670e-04, 1.757928559176316651e-04, 3.377658819925962591e-03, 4.735124646026255338e-03, 1.037010662986875571e-03, -1.431292181436591470e-04, -1.110738562868001994e-03, -5.321780684524082513e-04
1.042990456609999939e+02, 3.848932691043819611e-03, 1.344399853519022414e-03, 1.320341245795440040e-04, 6.081425756324383008e-04, 2.441971354044354735e-04, 2.875989394463655119e-03, 3.949264344126769688e-03, 8.726116481407087712e-04, -2.004447164591587451e-04, -9.178567268183098447e-04, -4.467237637249584902e-04
1.057446724379999949e+02, 3.185654166964497352e-03, 1.102353576875728970e-03, 1.557726200071892376e-04, 4.910607981384288064e-04, 2.809368946789969797e-04, 2.425753428064427765e-03, 3.223223843271527580e-03, 7.223310663431532948e-04, -2.349144778338445078e-04, -7.373296189721169434e-04, -3.681188951972877866e-04
1.071979461070000070e+02, 2.584758305564152474e-03, 8.814834638840900660e-04, 1.659983122582837564e-04, 3.836564620676014806e-04, 2.881957786429947951e-04, 2.020682411667877511e-03, 2.562712434212872231e-03, 5.861217681829607043e-04, -2.482460195036745353e-04, -5.716901616888615421e-04, -2.965224593779222759e-04
1.086589071180000019e+02, 2.046118260115922273e-03, 6.828490611563591862e-04, 1.641009972107852516e-04, 2.873146172860637296e-04, 2.695526567738357258e-04, 1.654903220040292514e-03, 1.973345116411485099e-03, 4.639881859909267378e-04, -2.426290999895605062e-04, -4.234473352229010598e-04, -2.321176296403759979e-04
1.101275961340000009e+02, 1.569682086269690155e-03, 5.076226545992130502e-04, 1.517674321880277421e-04, 2.033676682598222407e-04, 2.301483528111982315e-04, 1.323223751895684927e-03, 1.460199920667052710e-03, 3.559405015634012283e-04, -2.208563932914404991e-04, -2.950413560328157608e-04, -1.751197694399637581e-04
1.116040540340000007e+02, 1.155765118728398645e-03, 3.571509781229027488e-04, 1.310414883157267295e-04, 1.330368412938054586e-04, 1.767612116917527745e-04, 1.021922033645365118e-03, 1.027513163891929406e-03, 2.620950409908972580e-04, -1.864320743091145188e-04, -1.886690297467245121e-04, -1.257804390229000163e-04
1.130883219130000015e+02, 8.048113097636035509e-04, 2.328303161790815112e-04, 1.044310548208180004e-04, 7.734701446890052763e-05, 1.177997550524941082e-04, 7.493234324791159771e-04, 6.777195266313172433e-04, 1.825796610859714889e-04, -1.437729230466079980e-04, -1.060947897988090942e-04, -8.439481765832329715e-05
1.145804410829999966e+02, 5.178147808771152612e-04, 1.359845302262717610e-04, 7.497047178003869630e-05, 3.691540209660915031e-05, 6.283596165374015009e-05, 5.072353901097722629e-04, 4.107309248997764424e-04, 1.176632471238024885e-04, -9.826968475677160691e-05, -4.814319845674365641e-05, -5.127322914479245063e-05
1.160804530749999941e+02, 2.962299437479267708e-04, 6.735874761232279887e-05, 4.643228808562923027e-05, 1.164264013213383165e-05, 2.143149107504530148e-05, 3.023283550786817178e-04, 2.224320638967890108e-04, 6.769946871172905997e-05, -5.636719288538610047e-05, -1.399494973379616643e-05, -2.672609248025052317e-05
1.175883996390000021e+02, 1.416172335670612501e-04, 2.589016949279759902e-05, 2.297577800389580027e-05, -6.295190413553733119e-08, -8.215059729482747211e-08, 1.468036231259284979e-04, 1.035140878685831628e-04, 3.291675622536092456e-05, -2.466727845519139939e-05, 1.365433624673815009e-07, -1.081847812903966361e-05
1.191043227459999940e+02, 5.886847849600395445e-05, 7.438882204154887887e-06, 9.180455227503042626e-06, -2.460717022211479693e-06, -4.423149289674435181e-06, 5.949748241973247412e-05, 4.403539818266614801e-05, 1.420407642758220071e-05, -8.050401728394120571e-06, 2.179058776227284760e-06, -3.237406249818107435e-06
1.206282645910000042e+02, 3.152989218977505104e-05, 2.330613837123689976e-06, 4.306647659717259630e-06, -2.173699867458315217e-06, -3.795533914899445133e-06, 3.055987521311242247e-05, 2.488980364085397585e-05, 7.610105549169530154e-06, -3.064554902896167578e-06, 1.549174077579000184e-06, -1.179246393201759138e-06
1.221602675879999964e+02, 2.496638250320272389e-05, 1.213678799730755424e-06, 2.900360883216527760e-06, -1.940993916074892624e-06, -3.451336265861197499e-06, 2.356101242089255163e-05, 2.067934131668959906e-05, 5.692411290116122285e-06, -1.875349507764641820e-06, 1.253277308658254912e-06, -7.712452057646551791e-07
1.237003743799999995e+02, 2.187897220784167351e-05, 8.891768428172764196e-07, 2.228853680129387312e-06, -1.707892737253682561e-06, -3.162072435073817899e-06, 2.037921976488389896e-05, 1.865835506457229738e-05, 4.720369606473928290e-06, -1.459392584642071459e-06, 1.116843394945655657e-06, -6.254646369433915468e-07
1.252486278330000005e+02, 1.916567603567032551e-05, 7.426819335137819173e-07, 1.770830772042139337e-06, -1.464901938041394908e-06, -2.819652987814679791e-06, 1.770124201450232291e-05, 1.661341232353502408e-05, 4.016697751929262915e-06, -1.220774227042049494e-06, 1.008890528738696520e-06, -5.157947089023630124e-07
1.268050710389999978e+02, 1.679615178559170093e-05, 6.462560883375095042e-07, 1.433835352408290481e-06, -1.248888538343497429e-06, -2.494570305598307623e-06, 1.541266679362512045e-05, 1.471240347585423438e-05, 3.467233318586344976e-06, -1.047604112744998959e-06, 9.118601419097239163e-07, -4.260236839158677864e-07
1.283697473199999877e+02, 1.486212059559171756e-05, 5.742004007795613881e-07, 1.185276262095375251e-06, -1.074636932899724519e-06, -2.220421174052299940e-06, 1.356467581760948823e-05, 1.312194139672200360e-05, 3.037623992184159932e-06, -9.153652466295227052e-07, 8.295968613859927147e-07, -3.575207857823544941e-07
1.299427002269999889e+02, 1.325278912623150694e-05, 5.174536464056799802e-07, 9.963756987173278947e-07, -9.346704663116408259e-07, -1.987567814326744826e-06, 1.203858105135904139e-05, 1.177928992526713705e-05, 2.687707289801715186e-06, -8.097261963804504635e-07, 7.595014992263084923e-07, -3.056662618563300332e-07
1.315239735389999964e+02, 1.183608214885656979e-05, 4.699877062573220235e-07, 8.461771904646055076e-07, -8.182179490221196850e-07, -1.779256298913735022e-06, 1.070481437810542071e-05, 1.058172322059380207e-05, 2.385626711706409903e-06, -7.201086422911127349e-07, 6.964274279098639259e-07, -2.648786801691967399e-07
1.331136112689999891e+02, 1.052802708148298594e-05, 4.277182533162905564e-07, 7.216758185152095484e-07, -7.174289005038214632e-07, -1.584540206359793741e-06, 9.482562040898476652e-06, 9.461469695832459571e-06, 2.112022437690180056e-06, -6.399673685794857463e-07, 6.364514372267297390e-07, -2.312156433394902222e-07
1.347116576619999933e+02, 9.287645521621496958e-06, 3.881978733206842475e-07, 6.151685625290417907e-07, -6.274615217355114183e-07, -1.398315187585925461e-06, 8.332377458665818945e-06, 8.386123354217788124e-06, 1.856790240587897315e-06, -5.657867866538259766e-07, 5.774296793283014504e-07, -2.022813276708282351e-07
1.363181571979999944e+02, 8.098953985226177419e-06, 3.500596721342665547e-07, 5.219576875706172682e-07, -5.453632126411935245e-07, -1.218867490363611030e-06, 7.238359758514623279e-06, 7.344265754440844441e-06, 1.615282466506671333e-06, -4.958096350879717734e-07, 5.184196227218451947e-07, -1.766048427161957332e-07
1.379331545889999973e+02, 6.959312568579052339e-06, 3.125850546992645293e-07, 4.390888507303882589e-07, -4.693329868716259799e-07, -1.046340689555474409e-06, 6.197015699747099585e-06, 6.335781319991930711e-06, 1.385828125226597186e-06, -4.292845227376718175e-07, 4.592325727763524710e-07, -1.532529273290696555e-07
1.395566947890000051e+02, 5.874343874743690205e-06, 2.755040956294369895e-07, 3.647771413479225086e-07, -3.984148282265305138e-07, -8.818979201822690505e-07, 5.212335017011057508e-06, 5.367573072277170158e-06, 1.168779666836045733e-06, -3.660454347265352371e-07, 4.001541766727774656e-07, -1.316535036035880476e-07
1.411888229840000122e+02, 4.854505315492402033e-06, 2.388736448306742573e-07, 2.980418679343950091e-07, -3.322939365918027597e-07, -7.274389126205087340e-07, 4.292655389468797434e-06, 4.450801129644590363e-06, 9.655541173884256117e-07, -3.063819328087902451e-07, 3.419047487310532545e-07, -1.115073386792469989e-07
1.428295846030000007e+02, 3.912854374871354790e-06, 2.030123446284107480e-07, 2.384335631418050208e-07, -2.711087073281199886e-07, -5.849914745673061391e-07, 3.448502568483795250e-06, 3.598806337229104807e-06, 7.783998484984235278e-07, -2.507652126129569910e-07, 2.853935099687430189e-07, -9.270803551140555850e-08
1.444790253140000118e+02, 3.062782620452929886e-06, 1.684340035107934736e-07, 1.858734767649719642e-07, -2.153513437873042410e-07, -4.567781271784812503e-07, 2.690666006387922517e-06, 2.825314472011285293e-06, 6.095847660184885722e-07, -1.999081025407322465e-07, 2.318248126970375001e-07, -7.531219970699588876e-08
1.461371910249999928e+02, 2.315588262288107556e-06, 1.357471046322211414e-07, 1.403391012424877378e-07, -1.655384302881640046e-07, -3.443391893098342705e-07, 2.027964288369909822e-06, 2.141947977687277510e-06, 4.612642611827589926e-07, -1.543590854162430579e-07, 1.822427670086974944e-07, -5.943594108759160564e-08
1.478041278910000074e+02, 1.679842849247353206e-06, 1.056458877217234941e-07, 1.019700898993677095e-07, -1.223585733360485198e-07, -2.491084913436020027e-07, 1.466817777569473893e-06, 1.557924165184951799e-06, 3.349437576774919741e-07, -1.147967270787375965e-07, 1.378755646849568621e-07, -4.529048644116982474e-08
1.494798823069999969e+02, 1.158932362840801227e-06, 7.874704048641116788e-08, 7.058639202052462751e-08, -8.609450649947339782e-08, -1.712714437897297567e-07, 1.009099065346161295e-06, 1.077425082246030653e-06, 2.313405794284885189e-07, -8.145099528740461948e-08, 9.943786302078563211e-08, -3.302377921483015149e-08
1.511645009140000013e+02, 7.522478847776635197e-07, 5.567081123011902456e-08, 4.613713113292585008e-08, -5.715461339128384944e-08, -1.108638947938781675e-07, 6.532189538716816945e-07, 7.009571767756797631e-07, 1.503196397780460307e-07, -5.465353090899939279e-08, 6.776793193715709692e-08, -2.283437875700959997e-08
1.528580306030000031e+02, 4.531705594938410038e-07, 3.683920796988442184e-08, 2.799749843604238271e-08, -3.520003454108102213e-08, -6.651940240074397038e-08, 3.925321875580602200e-07, 4.231911867434697564e-07, 9.061774521073828935e-08, -3.414548440406664613e-08, 4.297138135917904764e-08, -1.476209708873550202e-08
1.545605185089999907e+02, 2.497887488964117652e-07, 2.250402639696474944e-08, 1.564433055176308549e-08, -1.994759300411054863e-08, -3.658276458484544749e-08, 2.158307812711376504e-07, 2.337480218925137260e-07, 4.999869491811862396e-08, -1.964940031555760271e-08, 2.507928279512465034e-08, -8.821002743486743552e-09
1.562720120189999875e+02, 1.246959735125071596e-07, 1.254112021826151074e-08, 7.880668449208239844e-09, -1.018875339185955537e-08, -1.817265407181353666e-08, 1.075135576741071214e-07, 1.169345725413625434e-07, 2.494381695382444832e-08, -1.025125823599215694e-08, 1.326778196317921482e-08, -4.799473053480729605e-09
1.579925587689999986e+02, 5.578332269908949840e-08, 6.299892312730292004e-09, 3.600699635978743998e-09, -4.720312392591802434e-09, -8.119869216156047276e-09, 4.796180409225649927e-08, 5.240496571335904869e-08, 1.119987565691277346e-08, -4.824705222670435340e-09, 6.332265033085757240e-09, -2.351917659114471101e-09
1.597222066470000073e+02, 2.169080022680965618e-08, 2.768782001964610041e-09, 1.389565602004108939e-09, -1.851457320761161041e-09, -3.135301454542448443e-09, 1.861267045839170858e-08, 2.043607944912046366e-08, 4.332850571238302446e-09, -1.968539648020302229e-09, 2.626995574042557427e-09, -9.936759610998520366e-10
1.614610037969999894e+02, 6.517872848793862339e-09, 9.817784225404111320e-10, 4.146999551545565066e-10, -5.636187448831927470e-10, -9.426567549496144119e-10, 5.564457214724827756e-09, 6.154934381440182279e-09, 1.316354108995466711e-09, -6.375357231316402588e-10, 8.695710802873875461e-10, -3.148140995418325021e-10
1.632089986139999951e+02, 2.954670182072202483e-09, 5.634432616315105833e-10, 5.529206764812069750e-11, -7.858143633569626234e-11, -4.100736982468640028e-10, 2.556473035015209720e-09, 2.913924725356562470e-09, 4.389426078988444883e-10, -3.002281053803645208e-10, 4.583092431696817314e-10, -6.807481286077809395e-11
1.649662397520000070e+02, 1.354876414862947355e-06, 1.593281535594689755e-07, 3.581662915497514991e-10, -5.971235565018359627e-10, -3.155821530793374856e-08, 1.151810052897254979e-06, 1.186216964980609926e-06, 3.717258134528940241e-07, -3.271995243863017094e-08, 5.513560326291547395e-08, -5.272943666426442652e-10
1.667327761189999933e+02, 2.828821521424310097e-06, 3.007329778343844884e-07, 1.676151506981943107e-11, -2.878417040378784738e-11, -1.870678536787450046e-11, 2.278971488035130297e-06, 2.278993180503262451e-06, 1.099678377235822496e-06, -1.016493115368176842e-09, 1.764136405477445012e-09, -8.185085522944202989e-10
1.685086568860000114e+02, 2.896131998243777699e-06, 2.778111701607654570e-07, 1.452512568086632709e-13, -2.559276413889312367e-13, -1.639436844645225041e-15, 2.385752131091569966e-06, 2.385752133802937253e-06, 1.020759734971720516e-06, -9.026255426879804430e-12, 1.607360949391809833e-11, -8.947216167339918820e-10
1.702939314799999977e+02, 2.782752111097007601e-06, 2.665585458136675142e-07, 7.064731028004102168e-16, -1.276406183522102487e-15, -4.144343420872162918e-20, 2.293024012235979749e-06, 2.293024012909697474e-06, 9.794562002969346426e-07, -4.392522714179982694e-14, 8.021900287747882657e-14, -8.602445130019951414e-10
1.720886495919999959e+02, 2.666551063211175111e-06, 2.553883394883290218e-07, 2.475647720029672310e-18, -4.543676051661484666e-18, -5.394594928143010130e-25, 2.197269155781759887e-06, 2.197269156427290048e-06, 9.385638173262325532e-07, -1.539635936885565953e-16, 2.856335051192662324e-16, -8.241045892911139210e-10
1.738928611759999967e+02, 2.550335339352705299e-06, 2.442164448333952574e-07, 8.059782976718777586e-21, 1.196534837901948351e-20, 4.953201527522237842e-30, 2.101507720717837729e-06, 2.101507721335234962e-06, 8.976552396295964599e-07, -5.050861109285328333e-19, -7.468072444707638194e-19, -7.879826093434530445e-10
1.757066164469999876e+02, 2.434372504749257536e-06, 2.330721654920377602e-07, 4.491536364562777143e-22, 2.368867907058632540e-21, 5.743859418815779648e-32, 2.005954579607069810e-06, 2.005954580196397642e-06, 8.568358525369462848e-07, -2.809200996427324831e-20, -1.483358064821740133e-19, -7.519538361968731633e-10
1.775299658909999891e+02, 2.318929917604752239e-06, 2.219812229603317754e-07, -4.519707418470762351e-22, 6.117950955035682337e-21, -1.571469942782105067e-31, 1.910829869108722416e-06, 1.910829869670102395e-06, 8.162000991378105183e-07, 2.835208633287264869e-20, -3.835798349660342950e-19, -7.161005912219792161e-10
1.793629602560000080e+02, 2.204277287475762413e-06, 2.109694599168880047e-07, -1.574413521345527587e-21, 4.824894163678650167e-21, -4.536262277486172542e-31, 1.816355831894292579e-06, 1.816355832427914866e-06, 7.758429132026042158e-07, 9.862263591719874937e-20, -3.029256598104987409e-19, -6.805060610045105434e-10
1.812056505600000094e+02, 2.090685871551749896e-06, 2.000628471077684886e-07, 3.059649717972099941e-23, -1.091572098736114291e-21, -2.019556380587649934e-33, 1.722755988646650211e-06, 1.722755989152777597e-06, 7.358597677447604701e-07, -1.840672954280187336e-21, 6.843550320870204608e-20, -6.452538321493629790e-10
1.830580880930000092e+02, 1.978427830784700141e-06, 1.892874161047225145e-07, -2.879662113067699777e-23, 1.645794273984289947e-22, -3.033201689572474858e-34, 1.630254603203272500e-06, 1.630254603682224951e-06, 6.963464569935472739e-07, 1.732627319297755097e-21, -1.031996446349740933e-20, -6.104276833782110346e-10
1.849203244139999924e+02, 1.867775558987324679e-06, 1.786691991679922336e-07, 1.668881541357022531e-21, -4.366718380205263004e-21, -5.147327797066669266e-31, 1.539076116728947430e-06, 1.539076117181117546e-06, 6.573988862450574638e-07, -1.046133832489644720e-19, 2.743196007621660234e-19, -5.761113568890852286e-10
1.867924113560000023e+02, 1.759001003272317440e-06, 1.682341696651284930e-07, 6.593562626865425538e-23, -9.972993103391968819e-22, -4.386301653310522418e-33, 1.449444632888925035e-06, 1.449444633314757508e-06, 6.191127423944305106e-07, -3.690824505808344235e-21, 6.255215610248429939e-20, -5.423884101729705750e-10
1.886744010239999909e+02, 1.652375046383540071e-06, 1.580081773078907602e-07, -1.522083005314534952e-21, 5.314116742058522788e-21, -6.400279465320232390e-31, 1.361583356235730108e-06, 1.361583356635754970e-06, 5.815833818246002652e-07, 9.502588163657011540e-20, -3.337699053158597607e-19, -5.093419450343194140e-10
1.905663458010000113e+02, 1.548166944968112499e-06, 1.480168911382472346e-07, -3.106875645770392453e-22, 1.000545311691160893e-21, -2.654651354355645186e-32, 1.275714164285370108e-06, 1.275714164660167576e-06, 5.449055627980397362e-07, 1.949248956979742481e-20, -6.285865308623918160e-20, -4.770544788757903303e-10
1.924682983470000011e+02, 1.446643843850727447e-06, 1.382857562594252673e-07, 1.456188310518229930e-21, -4.841073021080574626e-21, -6.404143106610754564e-31, 1.192057181141130075e-06, 1.192057181491342412e-06, 5.091733267578146963e-07, -9.111697276888209519e-20, 3.041895706339952324e-19, -4.456077501250362917e-10
1.943803115990000094e+02, 1.348070442510797490e-06, 1.288399647795752526e-07, -1.462994979442519956e-23, -6.416105393905540662e-22, 9.625574155725500513e-34, 1.110830529981067561e-06, 1.110830530307422580e-06, 4.744798263068522982e-07, 9.610649248335125801e-22, 4.026971533866802529e-20, -4.150826447959834739e-10
1.963024387750000130e+02, 1.252708913441112445e-06, 1.197044451790065141e-07, -3.300590319031589662e-21, 1.227449616191002442e-20, -4.274926585684065227e-30, 1.032250246854125777e-06, 1.032250247157390042e-06, 4.409173343331327352e-07, 2.070328622904092689e-19, -7.714955039881359744e-19, -3.855591302457732603e-10
1.982347333740000010e+02, 1.160819197957712453e-06, 1.109038884122535054e-07, 1.919527591540230331e-21, -6.931851099996346408e-21, -1.520913991427377442e-30, 9.565305222441551730e-07, 9.565305225251727529e-07, 4.085773525012412751e-07, -1.206082169842762664e-19, 4.358118427400215078e-19, -3.571163237496110079e-10
2.001772491790000004e+02, 1.072659849355418260e-06, 1.024628317810046030e-07, 1.123340905458252587e-21, -4.701742964010685253e-21, -6.538020322014500375e-31, 8.838844055781650911e-07, 8.838844058378387112e-07, 3.775508885470602336e-07, -7.060844469074249298e-20, 2.956468195121325462e-19, -3.298327384778802347e-10
2.021300402560000009e+02, 9.884897582285045562e-07, 9.440582149693467325e-08, -8.363397733102937407e-22, 3.474566341404802212e-21, -3.911899956141629863e-31, 8.145252254925299837e-07, 8.145252257318247322e-07, 3.479290663866120085e-07, 5.262037443759869718e-20, -2.185592808153402692e-19, -3.037867718719582472e-10
2.040931609589999880e+02, 9.085712461230377385e-07, 8.675770576669711684e-08, 6.853367304449867511e-22, -2.320072033315364859e-21, -2.310980955148807772e-31, 7.486691176743539713e-07, 7.486691178942989933e-07, 3.198042577380747338e-07, -4.296145590768784804e-20, 1.460314473331280200e-19, -2.790575664752807329e-10
2.060666659279999919e+02, 8.331752967908171535e-07, 7.954413343936624031e-08, -8.783975843297500711e-23, -6.554080592541092328e-22, 9.027277143830425726e-33, 6.865393657605499087e-07, 6.865393659622396766e-07, 2.932718628314722204e-07, 5.358494261123227998e-21, 4.119974671486552978e-20, -2.557265704056972739e-10
2.080506100910000100e+02, 7.625902782426744140e-07, 7.279238053142750128e-08, 7.904752245664399820e-23, -1.238040834866090228e-23, -6.099490093109549527e-35, 6.283735480549253889e-07, 6.283735482395235143e-07, 2.684334610811179998e-07, -4.842629174460387809e-21, 7.992340554328587954e-22, -2.338800175638104684e-10
2.100450486690000105e+02, 6.971364345041270002e-07, 6.653272839948450473e-08, 6.192655952544590401e-23, 7.437491144178740116e-22, 8.898710402881818161e-33, 5.744354967983136976e-07, 5.744354969670627777e-07, 2.454018760566727407e-07, -3.986157408746877753e-21, -4.681059274330687772e-20, -2.136131766258452369e-10
2.120500371749999999e+02, 6.371902890163645107e-07, 6.080077726810052722e-08, -3.481517264168229747e-23, -5.662328233315374495e-22, 4.204010108357302365e-33, 5.250353953409399922e-07, 5.250353954951715629e-07, 2.243097879404197555e-07, 2.249184078474372800e-21, 3.567395670757757786e-20, -1.950374483530870136e-10
2.140656314130000055e+02, 5.832267543760530284e-07, 5.564143424164539842e-08, -2.354606042691134953e-22, -3.540346332619957416e-22, 1.885305835322360297e-32, 4.805644332383254750e-07, 4.805644333794882802e-07, 2.053246428150842333e-07, 1.493215506871734707e-20, 2.225063509046184912e-20, -1.782925713144447515e-10
2.160918874850000009e+02, 5.358942508207769652e-07, 5.111602748422250233e-08, 2.106385700657564810e-22, 3.770311648534052404e-22, 1.976185711230912279e-32, 4.415567121113692439e-07, 4.415567122410669818e-07, 1.886750779146359720e-07, -1.333540204411874673e-20, -2.374332101069577493e-20, -1.635684869179682363e-10
2.181288617870000053e+02, 4.961548462563989994e-07, 4.731556260451395224e-08, -7.580881277624817163e-23, -4.184975722157917313e-22, 8.585299593631254558e-33, 4.088046227328974733e-07, 4.088046228529667758e-07, 1.747004475060409907e-07, 4.768487410986670155e-21, 2.645114299441829767e-20, -1.511458792817355150e-10
2.201766110169999990e+02, 4.655597189465137151e-07, 4.438678265274067772e-08, 8.421139530512867952e-23, -2.686212752437398138e-24, -1.379454816955142162e-34, 3.835856993006035470e-07, 3.835856994132554349e-07, 1.639480397225324870e-07, -5.362951149742568066e-21, 1.969748030219400542e-22, -1.414756975149715038e-10
2.222351921700000048e+02, 4.468199955865260140e-07, 4.258629749582955604e-08, -1.109120523072490996e-21, 4.532291382994937263e-21, -1.530247680991794891e-30, 3.681324484117684851e-07, 3.681324485198695297e-07, 1.573750947628647539e-07, 7.048020833296594370e-20, -2.883165025444857507e-19, -1.353427261818734983e-10
2.243046625430000063e+02, 4.450295155358697787e-07, 4.239745434207572303e-08, 9.431462259562094965e-22, -4.244012150095749750e-21, -1.229216269221417405e-30, 3.666377011321999570e-07, 3.666377012398427569e-07, 1.567836292189962793e-07, -6.006489989125107666e-20, 2.708877585724705193e-19, -1.342114541493874941e-10
2.263850797359999945e+02, 4.702346261684220145e-07, 4.478009440236557603e-08, -9.775345366238555831e-22, 4.457649139389339625e-21, -1.278404127332247579e-30, 3.873645954854947625e-07, 3.873645955991854834e-07, 1.657400618007527711e-07, 6.253497875884732217e-20, -2.859253799285594905e-19, -1.409367308428095111e-10
2.284765016549999928e+02, 5.424471631474271126e-07, 5.166742353671014624e-08, 1.332715419851000063e-21, -4.853928424062662428e-21, -1.673512052555165127e-30, 4.467664365282084871e-07, 4.467664366592504662e-07, 1.913614537399600063e-07, -8.599572316218278256e-20, 3.138102886880007213e-19, -1.611076176179047585e-10
2.305789865110000108e+02, 7.018083684492295004e-07, 6.695724399310758073e-08, -5.527095281384584954e-22, 1.678895994692132470e-21, -1.892090811460899779e-31, 5.778979985933362534e-07, 5.778979987627230434e-07, 2.478207403604180141e-07, 3.606175253034827485e-20, -1.099954627784432597e-19, -2.056998659897839945e-10
2.326925928240000019e+02, 1.035700079628791161e-06, 9.912071959907981907e-08, -1.135325298852464967e-23, -2.810155383504882586e-24, 4.218117372553199806e-36, 8.525861104781727675e-07, 8.525861107278257760e-07, 3.662279392579820482e-07, 7.502339081810250296e-22, 1.881621369817237567e-22, -2.974514375233367139e-10
2.348173794219999877e+02, 1.761077478428190191e-06, 1.693328034385887616e-07, -1.593560517145007526e-23, -7.518340768796630515e-23, 1.154342151580345015e-34, 1.448524397895235123e-06, 1.448524398318217542e-06, 6.251061626904589777e-07, 1.145695439811510074e-21, 5.187997649693709841e-21, -4.886433688038052230e-10
2.369534054449999871e+02, 3.473354106478985090e-06, 3.372538210142969858e-07, 2.277441468060290170e-21, -8.630371141247717027e-21, -9.848327382788345033e-31, 2.850726977006799984e-06, 2.850726977833177609e-06, 1.245254262136647655e-06, -1.652938572501142573e-19, 6.286833888338895037e-19, -9.053376227014866237e-10
2.391007303469999954e+02, 7.904433228455125113e-06, 7.887209005368852362e-07, -1.507731826007695059e-22, -2.758857984776082433e-21, 1.071574594054827487e-32, 6.447258464504570091e-06, 6.447258466333930017e-06, 2.914349535089117608e-06, 1.184391449227185101e-20, 2.212117283182364717e-19, -1.820759939707930145e-09
2.412594138940000050e+02, 1.986593609169570160e-05, 2.143376537353882323e-06, -4.672676957178649918e-21, 5.628987504177955836e-21, -3.666375111313734927e-31, 1.590303213450262589e-05, 1.590303213871735002e-05, 7.925807931877768030e-06, 4.496925938884641631e-19, -5.426913970742575072e-19, -3.509205354967597486e-09
2.434295161699999994e+02, 4.792910128141052617e-05, 6.121548126517792138e-06, -1.558988212816705088e-20, 9.784357601412717171e-20, -1.355738547444678142e-29, 3.665670305299694647e-05, 3.665670306098567333e-05, 2.254479649576129988e-05, 2.054143999657482803e-18, -1.292611560053167597e-17, -4.807113483915028211e-09
2.456110975770000096e+02, 7.183963554998320708e-05, 9.926481181456427920e-06, 3.413393438318322290e-20, -1.152347207500447555e-19, -2.990254864765834655e-29, 5.349084348522147248e-05, 5.349084349534491889e-05, 3.669758418510779731e-05, -5.343370581319872174e-18, 1.806148422180552513e-17, -4.972520072726494637e-09
2.478042188340000109e+02, 7.699482258733205981e-05, 1.088639495412665152e-05, 9.506807756856174769e-22, 4.375668435568553001e-21, 3.022412528337945115e-32, 5.685432664778272390e-05, 5.685432665802760095e-05, 4.028099193776495302e-05, -1.511413546625724684e-19, -7.181996432385168506e-19, -4.732382858559607311e-09
2.500089409859999989e+02, 7.769756831994992328e-05, 1.102398796575694856e-05, -3.682052869187406979e-20, 1.280813215869384948e-19, -3.550061368292081918e-29, 5.729394285096512355e-05, 5.729394286120247218e-05, 4.080725099702010156e-05, 6.069968573185712315e-18, -2.115713531506422268e-17, -4.684022441797785073e-09
2.522253253949999987e+02, 7.784708959697940087e-05, 1.105334347660535016e-05, -5.749869874286167640e-20, 2.059971503930504916e-19, -8.976540091683928135e-29, 5.738776713504004643e-05, 5.738776714527617532e-05, 4.091864498301144774e-05, 9.508928859403430151e-18, -3.407509966196739964e-17, -4.673828071111457427e-09
2.544534337519999951e+02, 7.785874366834177700e-05, 1.105567815562555113e-05, 9.349222675934824200e-20, -3.656907236015639608e-19, -2.590499111987750053e-28, 5.739519488966312536e-05, 5.739519489989932879e-05, 4.092709761649657445e-05, -1.546281359055647663e-17, 6.049510212814694733e-17, -4.673116592618270655e-09
2.566933280729999751e+02, 7.785873395312474282e-05, 1.105576005789872434e-05, -3.610063692813936939e-20, 1.654376887721714800e-19, -4.523715036127954916e-29, 5.739513647151787197e-05, 5.739513648175400087e-05, 4.092719502235293155e-05, 5.970502456528254674e-18, -2.736585709873842647e-17, -4.673063469642320425e-09
2.589450707010000201e+02, 7.785861807230032967e-05, 1.105575773525562415e-05, -5.411463842635572639e-20, 1.991982367534242356e-19, -8.160214994481625263e-29, 5.739502824844094859e-05, 5.739502825867700295e-05, 4.092717970685789779e-05, 8.947731763052201404e-18, -3.295445851146684901e-17, -4.673041709578030139e-09
2.612087243099999796e+02, 7.785861770758577770e-05, 1.105575735750525038e-05, 8.325135249862463210e-20, -3.548879443556672453e-19, -2.236847564403830418e-28, 5.739502372439509711e-05, 5.739502373463117180e-05, 4.092718802552040196e-05, -1.376633041143940121e-17, 5.870633705515930441e-17, -4.673038555642326942e-09
2.634843519059999721e+02, 7.785862343209815387e-05, 1.105575746236474949e-05, -2.257329156639482390e-20, 1.321359988544719908e-19, -2.258873085900057651e-29, 5.739502820675817266e-05, 5.739502821699427444e-05, 4.092719050981905065e-05, 3.733349322475374854e-18, -2.185537084554117530e-17, -4.673038968408959852e-09
2.657720168270000158e+02, 7.785862534075615928e-05, 1.105575756555597316e-05, -6.246871736716420886e-20, 2.215210412299199721e-19, -1.046550101809534889e-28, 5.739502968212434791e-05, 5.739502969236040227e-05, 4.092719137640279904e-05, 1.032642724112795583e-17, -3.664781456112055145e-17, -4.673039093519522093e-09
2.680717827459999967e+02, 7.785862587273564904e-05, 1.105575761414492381e-05, 9.194388566530565791e-20, -2.995910579160919818e-19, -2.083926217990110167e-28, 5.739503006439540598e-05, 5.739503007463147389e-05, 4.092719167581965564e-05, -1.520009143053145116e-17, 4.956594829880057706e-17, -4.673039107584522380e-09
2.703837136729999884e+02, 7.785862559792554002e-05, 1.105575759298759933e-05, -2.964704471808604965e-20, 7.746898957046354446e-20, -1.739141484356692226e-29, 5.739502991245689918e-05, 5.739502992269294676e-05, 4.092719143007645120e-05, 4.902069741496460036e-18, -1.281892418301874934e-17, -4.673039133726447292e-09
2.727078739579999933e+02, 7.785862508470064720e-05, 1.105575755030769960e-05, -6.138968736512259506e-20, 2.160047888843030007e-19, -1.004863477765965110e-28, 5.739502956474765172e-05, 5.739502957498374673e-05, 4.092719109904509951e-05, 1.015338147055969947e-17, -3.573520216655932706e-17, -4.673039135679189934e-09
2.750443282900000099e+02, 7.785862490759977309e-05, 1.105575753690887504e-05, 8.479686206201550020e-20, -3.229352469065875119e-19, -2.071479831263999847e-28, 5.739502949209214706e-05, 5.739502950232820141e-05, 4.092719089015442159e-05, -1.401831359255655151e-17, 5.342337445028245404e-17, -4.673039171080277665e-09
2.773931417000000010e+02, 7.785862497092571805e-05, 1.105575754210770069e-05, 4.416430650222755413e-21, 2.262737095415300020e-20, 7.523086579370880456e-31, 5.739502941624895248e-05, 5.739502942648500006e-05, 4.092719116849267356e-05, -7.325568209353039600e-19, -3.739072519329734500e-18, -4.673039083812109273e-09
2.797543795639999757e+02, 7.785862499750330801e-05, 1.105575754466602479e-05, -2.749483167224167153e-20, 8.223002850864815362e-20, -1.704647295093445209e-29, 5.739502956971834598e-05, 5.739502957995440034e-05, 4.092719091470899871e-05, 4.541911826430510316e-18, -1.360571549713592578e-17, -4.673039183012812950e-09
2.821281076029999895e+02, 7.785862482800117324e-05, 1.105575753112362476e-05, 2.849773049379185171e-20, -9.822556641725474477e-20, -2.116855220336697620e-29, 5.739502927327750238e-05, 5.739502928351354995e-05, 4.092719116858647738e-05, -4.710766195614910292e-18, 1.625040288433060226e-17, -4.673039050558912635e-09
2.845143918869999879e+02, 7.785862458645757172e-05, 1.105575750873380127e-05, -8.138072133249349377e-22, -1.024479092655408976e-20, 6.268663240936725574e-32, 5.739502936587762428e-05, 5.739502937611367186e-05, 4.092719050029905762e-05, 1.336950673274894993e-19, 1.693903182219914934e-18, -4.673039239217182894e-09
2.869132988320000095e+02, 7.785862490786469789e-05, 1.105575753751939945e-05, -2.776262082663024731e-20, 1.027152437687160138e-19, -2.160212831481379902e-29, 5.739502933616217706e-05, 5.739502934639825174e-05, 4.092719120254415021e-05, 4.591346134031315286e-18, -1.699262200378394857e-17, -4.673039056678209518e-09
2.893248952100000224e+02, 7.785862534791202915e-05, 1.105575757220864955e-05, 2.822447728392319918e-20, -8.926701003824626406e-20, -1.889598566144289986e-29, 5.739502982283733036e-05, 5.739502983307340504e-05, 4.092719110928850611e-05, -4.656118695047354529e-18, 1.476885888940442670e-17, -4.673039193157948244e-09
2.917492481429999884e+02, 7.785862558767366309e-05, 1.105575759364164768e-05, -9.743470892247849504e-22, -1.028548675942702530e-20, 6.717564872066375236e-32, 5.739502981378977165e-05, 5.739502982402584633e-05, 4.092719160690687109e-05, 1.508178174670079870e-19, 1.700892489657685074e-18, -4.673039066590500087e-09
2.941864251090000266e+02, 7.785862514621259996e-05, 1.105575755760795131e-05, 1.164475455989487515e-21, 3.282565422611259926e-20, 2.897152931742450235e-31, 5.739502959289592536e-05, 5.739502960313200004e-05, 4.092719116577250518e-05, -1.929294447968767318e-19, -5.427202480046669583e-18, -4.673039125599140520e-09
2.966364939439999944e+02, 7.785862442658584919e-05, 1.105575749600259962e-05, -4.843106880173597710e-21, -3.450939131996084614e-20, 1.261658476213195188e-30, 5.739502918219806888e-05, 5.739502919243410291e-05, 4.092719054791469626e-05, 8.120571428004595426e-19, 5.704469743238854695e-18, -4.673039184624414728e-09
2.990995228400000201e+02, 7.785862451516106027e-05, 1.105575750451435069e-05, 4.453820260580148090e-21, 3.408828727870672498e-20, 1.146880288358518872e-30, 5.739502916423735188e-05, 5.739502917447342656e-05, 4.092719076098647789e-05, -7.464090877100309848e-19, -5.634856999343331998e-18, -4.673039127151585649e-09
3.015755803519999745e+02, 7.785862523092387712e-05, 1.105575756295280036e-05, -4.604468867144499390e-23, -4.292158480738334946e-20, 9.695833931876993346e-33, 5.739502969923547732e-05, 5.739502970947152490e-05, 4.092719112251590137e-05, 5.112813513319511088e-21, 7.096618658166903344e-18, -4.673039161112250012e-09
3.040647353979999821e+02, 7.785862573137632625e-05, 1.105575760710965111e-05, -6.009645999161910117e-21, -1.215830942172235091e-20, 5.431386218757780434e-31, 5.739502989015440648e-05, 5.739502990039044728e-05, 4.092719174158299550e-05, 9.996981946641949464e-19, 2.008411565454592505e-18, -4.673039050689929772e-09
3.065670572590000234e+02, 7.785862515174139407e-05, 1.105575755587074941e-05, 5.605606445300672834e-21, 1.501702769576947452e-20, 6.293574634887485458e-31, 5.739502963538129551e-05, 5.739502964561734986e-05, 4.092719109185934633e-05, -9.324131085552363671e-19, -2.481153159960317265e-18, -4.673039153911127446e-09
3.090826155830000062e+02, 7.785862475742992529e-05, 1.105575752177275033e-05, 4.157796839379200529e-22, 4.964886348769982608e-20, 1.512373064219665010e-31, 5.739502942275615096e-05, 5.739502943299220532e-05, 4.092719072848665041e-05, -6.673098485211226594e-20, -8.208914364356847371e-18, -4.673039195349257220e-09
3.116114803869999719e+02, 7.785862507854464213e-05, 1.105575755350050051e-05, -1.417688090995252184e-23, -2.157784673240329820e-20, 1.644350780496008112e-33, 5.739502945921172395e-05, 5.739502946944777153e-05, 4.092719129780497878e-05, 1.596490725027241913e-21, 3.567644935050210282e-18, -4.673039061531709960e-09
3.141537220580000280e+02, 7.785862474758672481e-05, 1.105575752442357382e-05, -6.755263677825217121e-21, -3.918630544369912015e-20, 2.002190844317907357e-30, 5.739502934222359904e-05, 5.739502935245964662e-05, 4.092719086986535332e-05, 1.116154177685451379e-18, 6.476939039433055092e-18, -4.673039141354964981e-09
3.167094113539999967e+02, 7.785862429128496682e-05, 1.105575748508325056e-05, -2.533020148131044952e-20, 1.292483269032162392e-19, -2.477775124241500030e-29, 5.739502905923788057e-05, 5.739502906947394848e-05, 4.092719052323332170e-05, 4.188224231750859952e-18, -2.137901623664647401e-17, -4.673039162232255043e-09
3.192786194099999761e+02, 7.785862455530584121e-05, 1.105575750870392473e-05, 3.150208980064742444e-20, -1.157736228801514805e-19, -2.760126481239512166e-29, 5.739502919854989763e-05, 5.739502920878595198e-05, 4.092719077265102959e-05, -5.208430844672507606e-18, 1.915291533567387331e-17, -4.673039132253434662e-09
3.218614177360000213e+02, 7.785862501408153172e-05, 1.105575754509792520e-05, -1.695389382961152547e-20, 7.710840901898367392e-20, -9.895686961378873268e-30, 5.739502950339807856e-05, 5.739502951363417357e-05, 4.092719108050595387e-05, 2.803354986677437829e-18, -1.275526028865609948e-17, -4.673039126082040290e-09
3.244578782190000084e+02, 7.785862542500937458e-05, 1.105575758044672428e-05, 1.723989423565145223e-20, -7.822295847723405063e-20, -1.020231528354675295e-29, 5.739502980176279827e-05, 5.739502981199884584e-05, 4.092719130563230183e-05, -2.850146082866534965e-18, 1.293949158881517448e-17, -4.673039139169319710e-09
3.270680731269999910e+02, 7.785862534940994931e-05, 1.105575757310777502e-05, -3.100909746334155052e-20, 1.121118841551577302e-19, -2.630828475230505009e-29, 5.739502965977339816e-05, 5.739502967000944573e-05, 4.092719143841227184e-05, 5.126786548663369376e-18, -1.854725130481255114e-17, -4.673039072869822504e-09
3.296920751119999977e+02, 7.785862518985286226e-05, 1.105575755629519932e-05, 1.785613720023337492e-20, -1.229638369223759996e-19, -1.655438106817112661e-29, 5.739502977743349803e-05, 5.739502978766951850e-05, 4.092719088397790477e-05, -2.948177258210862363e-18, 2.033722303624607498e-17, -4.673039238857427156e-09
3.323299572089999856e+02, 7.785862555272397238e-05, 1.105575759306632596e-05, 9.795503461562202389e-21, 1.861618621704581233e-21, 1.473787019743128303e-31, 5.739502975165982365e-05, 5.739502976189589834e-05, 4.092719166126735177e-05, -1.616829466533308703e-18, -3.044256158294724315e-19, -4.673039038593397659e-09
3.349817928370000004e+02, 7.785862512034384783e-05, 1.105575755371380034e-05, 3.460913381801082328e-21, 7.290203026896112226e-20, 1.924728740313482131e-30, 5.739502959395586851e-05, 5.739502960419199740e-05, 4.092719111191497232e-05, -5.792552289311662657e-19, -1.205263879741045033e-17, -4.673039139268092520e-09
3.376476558080000245e+02, 7.785862478344115513e-05, 1.105575752445842584e-05, -2.536139696631914901e-20, 3.754785635000985031e-20, -7.211740677178646584e-30, 5.739502947396417831e-05, 5.739502948420022589e-05, 4.092719067809307573e-05, 4.193028865535725561e-18, -6.217470771766319693e-18, -4.673039219876514823e-09
3.403276203209999835e+02, 7.785862487946372383e-05, 1.105575753887209921e-05, -5.219455903973662406e-20, 1.967188268159110013e-19, -7.776671425953434553e-29, 5.739502922735782698e-05, 5.739502923759392199e-05, 4.092719136335092934e-05, 8.631499148146518355e-18, -3.254388344583520113e-17, -4.673038991256830707e-09
3.430217609690000131e+02, 7.785862435112440221e-05, 1.105575748859182366e-05, 5.193400088265769814e-20, -2.000709720572687384e-19, -7.866924725646471991e-29, 5.739502924294437162e-05, 5.739502925318042597e-05, 4.092719027549919682e-05, -8.587646103585218702e-18, 3.309800731904197594e-17, -4.673039266908427019e-09
3.457301527380000152e+02, 7.785862476487832645e-05, 1.105575752429869914e-05, 3.456931044853050173e-22, 1.420407760422707470e-20, 3.730958703948300044e-32, 5.739502929708652787e-05, 5.739502930732257545e-05, 4.092719099472272602e-05, -5.744203032885724215e-20, -2.348582983159637544e-18, -4.673039099572398027e-09
3.484528710129999922e+02, 7.785862540307965092e-05, 1.105575758102719935e-05, -5.176064967789950021e-20, 1.824271923238739921e-19, -7.145820573328844562e-29, 5.739502970926665135e-05, 5.739502971950267182e-05, 4.092719144676514834e-05, 8.557746812825785580e-18, -3.018059456364750249e-17, -4.673039082410330129e-09
3.511899915760000113e+02, 7.785862489237624644e-05, 1.105575753478029818e-05, 5.113236559261437059e-20, -1.931178305826237292e-19, -7.474028163459752413e-29, 5.739502943582559151e-05, 5.739502944606167297e-05, 4.092719097224037773e-05, -8.454337977286880786e-18, 3.194818975153780497e-17, -4.673039137443267569e-09
3.539415906109999810e+02, 7.785862469284282280e-05, 1.105575751603955023e-05, -3.386789771194899920e-22, -6.107144329987799029e-22, 1.778922501915217391e-33, 5.739502939266090094e-05, 5.739502940289697562e-05, 4.092719065950289805e-05, 5.640577060733699588e-20, 1.014038716289745279e-19, -4.673039205598780226e-09
3.567077447039999925e+02, 7.785862556892843094e-05, 1.105575759371810087e-05, 1.286365048005315488e-20, -1.058852839304750032e-19, -1.022998957161219903e-29, 5.739502985222202138e-05, 5.739502986245809607e-05, 4.092719149255188022e-05, -2.119919427471084805e-18, 1.751144035409007462e-17, -4.673039104165722870e-09
3.594885308460000033e+02, 7.785862566738457273e-05, 1.105575760044382538e-05, 1.151730850894485994e-20, 3.602911200057165370e-20, 3.112075812623562350e-30, 5.739502983171565189e-05, 5.739502984195169946e-05, 4.092719173047707897e-05, -1.910976444383884840e-18, -5.952954990891509462e-18, -4.673039039798977005e-09
3.622840264359999765e+02, 7.785862518072240274e-05, 1.105575755513014954e-05, -2.418533917667220016e-20, 7.412804421178901929e-20, -1.356829791308260039e-29, 5.739502983792240439e-05, 5.739502984815849940e-05, 4.092719074473905104e-05, 3.998589894114862192e-18, -1.226510704082815018e-17, -4.673039287750475051e-09
3.650943092819999833e+02, 7.785862559313991228e-05, 1.105575759545137423e-05, -5.077050410113027559e-20, 1.821341649522837464e-19, -7.007327170035967201e-29, 5.739502974638967952e-05, 5.739502975662574743e-05, 4.092719175263958084e-05, 8.397050260807267873e-18, -3.013176600490932159e-17, -4.673039014474390911e-09
3.679194576040000015e+02, 7.785862555350196875e-05, 1.105575759029464951e-05, 7.217583421535044188e-20, -2.750096940508782091e-19, -1.500906879634647269e-28, 5.739502994715710142e-05, 5.739502995739317610e-05, 4.092719127182884321e-05, -1.193057896968647565e-17, 4.549571371101237512e-17, -4.673039181431195643e-09
3.707595500360000074e+02, 7.785862516192674164e-05, 1.105575755613497457e-05, -3.431419229869002706e-21, -2.974602959680737481e-20, 7.682918365181047261e-31, 5.739502959817650493e-05, 5.739502960841257962e-05, 4.092719118663954808e-05, 5.630790457816159727e-19, 4.917549856370330526e-18, -4.673039121535519808e-09
3.736146656270000221e+02, 7.785862468082959168e-05, 1.105575752652394956e-05, 4.365920465460387574e-21, 2.387805702020997687e-20, 7.880169746420665470e-31, 5.739502921572237255e-05, 5.739502922595844723e-05, 4.092719098935354680e-05, -7.202407687226157318e-19, -3.946761420901209757e-18, -4.673039082172963208e-09
3.764848838440000236e+02, 7.785862348917428318e-05, 1.105575745322220112e-05, -2.227970697762532480e-20, 8.537024466010105956e-20, -1.435391772374614984e-29, 5.739502846043477576e-05, 5.739502847067082334e-05, 4.092719011661809627e-05, 3.680815222810197483e-18, -1.412310148194759922e-17, -4.673039125331110013e-09
3.793702845760000173e+02, 7.785862569928647626e-05, 1.105575754811240026e-05, 2.375472970533227417e-20, -8.989105972262885450e-20, -1.616401521941234972e-29, 5.739503087401364757e-05, 5.739503088424969515e-05, 4.092718970968474559e-05, -3.927789350065137924e-18, 1.487068478594597546e-17, -4.673039786377884790e-09
3.822709481329999903e+02, 7.785865017215611635e-05, 1.105575828247174924e-05, -2.332082739109902392e-20, 8.809494763985125763e-20, -1.553641587853167514e-29, 5.739505112944924813e-05, 5.739505113968532281e-05, 4.092719814455287886e-05, 3.855007601951229466e-18, -1.457374901697825005e-17, -4.673042360498322545e-09
3.851869552499999827e+02, 7.785868640920444472e-05, 1.105575831785082467e-05, 2.101024728336067539e-20, -5.365196555496774699e-20, -8.459256743850294568e-30, 5.739506584705047712e-05, 5.739506585728652469e-05, 4.092724118344710473e-05, -3.467685656917407303e-18, 8.878256683543777272e-18, -4.673034971631667478e-09
3.881183870899999988e+02, 7.785810596791511930e-05, 1.105573296639292442e-05, -3.159728839184297409e-20, 1.014845993214557471e-19, -2.417395976606735353e-29, 5.739451927021302347e-05, 5.739451928044885421e-05, 4.092717345454267679e-05, 5.219267175563474632e-18, -1.679077911921712613e-17, -4.672925291339445522e-09
3.910653252440000074e+02, 7.785451686182650829e-05, 1.105559600001277534e-05, -3.807707749725365172e-20, 1.415459574971914936e-19, -4.085373294591789716e-29, 5.739175067772607546e-05, 5.739175068796127600e-05, 4.092553242733637601e-05, 6.298160382988192741e-18, -2.341691467529345085e-17, -4.672694320482975595e-09
3.940278517369999918e+02, 7.785501968362219685e-05, 1.105592022738132586e-05, 6.583694787660617589e-20, -2.589812983943062229e-19, -1.291526599683150019e-28, 5.739419792510570730e-05, 5.739419793534359803e-05, 4.092164357617282625e-05, -1.088863652565694971e-17, 4.284915744934584839e-17, -4.674237018021439543e-09
3.970060490239999922e+02, 7.794054506517097925e-05, 1.106264125292969987e-05, -6.497677252466665049e-20, 2.607919788658645188e-19, -1.281482281212547346e-28, 5.746467920741900369e-05, 5.746467921767762301e-05, 4.095173177472300602e-05, 1.074430718253944479e-17, -4.315963611159729923e-17, -4.683087155998389680e-09
4.000000000000000000e+02, 7.802257364592282956e-05, 1.106892587175827613e-05, 9.697275545057480151e-21, -2.579219787369772519e-20, -1.870030210078992508e-30, 5.753460442812689493e-05, 5.753460443840835025e-05, 4.097593849489119578e-05, -1.597729884130187750e-18, 4.269523390179572227e-18, -4.693272409464487459e-09
